local_name,openlibrary_name,openlibrary_key,openlibrary_works,notes
"Departamento Nacional de Planeación","Colombia. Departamento Nacional de Planeación.","/authors/OL4896599A","6","Confirmed by its works (Plan nacional de desarrollo 1998-2002); Open Library holds a second record with the same heading (/authors/OL4896602A) and the one with more works was chosen"
"Ministerio de Ambiente y Desarrollo Sostenible","Colombia. Ministerio de Ambiente y Desarrollo Sostenible","/authors/OL15573035A","1","Exact established heading for the Colombian environment ministry"
"Ministerio de Minas y Energía","Colombia. Ministerio de Minas y Energía","/authors/OL12871224A","2","Exact established heading for the Colombian mining and energy ministry"
"Secretaría Distrital de Planeación de Bogotá","Bogotá (Colombia). Secretaría Distrital de Planeación","/authors/OL6964223A","4","Confirmed by its works (Plan de ordenamiento territorial de Bogotá; Segregación socioeconómica en el espacio urbano de Bogotá)"
"Unidad de Planeación Minero Energética","Colombia. Departamento Nacional de Planeación. Unidad de Planeación Minero Energética","/authors/OL7403987A","1","Open Library holds a second record with the same heading (/authors/OL7387293A); the one with more works was chosen"
"United States Environmental Protection Agency","United States. Environmental Protection Agency.","/authors/OL62371A","3305","Long-established heading for the US EPA"
"Despacio","Despacio.org","/authors/OL16572654A","1","Confirmed: its single work is Diez, the book on Despacio's first ten years"
"Fundación Despacio","Despacio.org","/authors/OL16572654A","1","Same organisation as the Despacio heading above"
"African Development Economic Consultants","African Development and Economic Consultants Ltd.","/authors/OL708728A","2","Exact established heading for the consultancy"
