local_folder,local_path,filename,detected_title,detected_author,isbn_10,isbn_13,doi,ocaid,lccn,year,publisher,ol_work_key,ol_edition_key,ol_title,ol_author,confidence,status,notes,candidates_json,create_record
Atlas de Accesibilidad y Conectividad,5 DOT y planeación urbana (Gregor Wessels)/Atlas de Accesibilidad y Conectividad/atlas_introduccion.pdf,atlas_introduccion.pdf,Atlas de Accesibilidad y Conectividad de la Zona Metropolitana del Valle de México,Centro de Transporte Sustentable de México A.C.,,,,,,2010,Centro de Transporte Sustentable de México A.C.,/works/OL45930555W,/books/OL62489548M,,,1.000,APPROVED,Created after explicit create_record=YES review,,YES
Atlas de Accesibilidad y Conectividad,5 DOT y planeación urbana (Gregor Wessels)/Atlas de Accesibilidad y Conectividad/atlas_seccion1_generalidades.pdf,atlas_seccion1_generalidades.pdf,Atlas de Accesibilidad y Conectividad de la Zona Metropolitana del Valle de México,Centro de Transporte Sustentable de México A.C.,,,,,,2010,Centro de Transporte Sustentable de México A.C.,,,,,1.000,PARENT_COMPONENT,The five local PDFs are named sections of one verified parent atlas; do not treat them as five books,,YES
Atlas de Accesibilidad y Conectividad,5 DOT y planeación urbana (Gregor Wessels)/Atlas de Accesibilidad y Conectividad/atlas_seccion2_sociodemografico.pdf,atlas_seccion2_sociodemografico.pdf,Atlas de Accesibilidad y Conectividad de la Zona Metropolitana del Valle de México,Centro de Transporte Sustentable de México A.C.,,,,,,2010,Centro de Transporte Sustentable de México A.C.,,,,,1.000,PARENT_COMPONENT,The five local PDFs are named sections of one verified parent atlas; do not treat them as five books,,YES
Atlas de Accesibilidad y Conectividad,5 DOT y planeación urbana (Gregor Wessels)/Atlas de Accesibilidad y Conectividad/atlas_seccion3_sociodeconomico.pdf,atlas_seccion3_sociodeconomico.pdf,Atlas de Accesibilidad y Conectividad de la Zona Metropolitana del Valle de México,Centro de Transporte Sustentable de México A.C.,,,,,,2010,Centro de Transporte Sustentable de México A.C.,,,,,1.000,PARENT_COMPONENT,The five local PDFs are named sections of one verified parent atlas; do not treat them as five books,,YES
Atlas de Accesibilidad y Conectividad,5 DOT y planeación urbana (Gregor Wessels)/Atlas de Accesibilidad y Conectividad/atlas_seccion4_proximidad_peatonal_movilidadnomotorizada.pdf,atlas_seccion4_proximidad_peatonal_movilidadnomotorizada.pdf,Atlas de Accesibilidad y Conectividad de la Zona Metropolitana del Valle de México,Centro de Transporte Sustentable de México A.C.,,,,,,2010,Centro de Transporte Sustentable de México A.C.,,,,,1.000,PARENT_COMPONENT,The five local PDFs are named sections of one verified parent atlas; do not treat them as five books,,YES
Captura de valor,5 DOT y planeación urbana (Gregor Wessels)/Captura de valor/ACOSTA PATRICIA 2008 Policy Learningn new Challenges for Smart Value capture in colombia.pdf,ACOSTA PATRICIA 2008 Policy Learningn new Challenges for Smart Value capture in colombia.pdf,Policy Learning: New Challenges for Smart Value Capture in Colombia,Patricia Acosta,,,,,,2008,Massachusetts Institute of Technology,/works/OL45930556W,/books/OL62489549M,Presidential leadership and the reform of fiscal policy,Robert P. Inman,1.000,APPROVED,Created after explicit create_record=YES review,"[{""work_key"": ""/works/OL5892045W"", ""title"": ""Presidential leadership and the reform of fiscal policy"", ""author"": [""Robert P. Inman""], ""score"": 0.201}]",YES
Captura de valor,5 DOT y planeación urbana (Gregor Wessels)/Captura de valor/BANCO MUNDIAL 2013 Urbanization-Planning-Connecting-Financing.pdf,BANCO MUNDIAL 2013 Urbanization-Planning-Connecting-Financing.pdf,"Planning, Connecting, and Financing Cities—Now provides mayors and other policy makers with",,,9780821398395,10.1596/978-0-,,,2013,the World Bank’s Urbanization,/works/OL23221866W,/books/OL31057229M,"Planning, connecting, and financing cities--now",Somik V. Lall,0.995,MATCHED,exact ISBN; title=0.95; author=0.00; publisher=0.51; year=exact; runner_up=0.00; margin=0.99,"[{""work_key"": ""/works/OL23221866W"", ""title"": ""Planning, connecting, and financing cities--now"", ""author"": [""Somik V. Lall""], ""score"": 0.995}]",
Captura de valor,5 DOT y planeación urbana (Gregor Wessels)/Captura de valor/CAF (2014) Creación y captura valor para proyectos de transporte.pdf,CAF (2014) Creación y captura valor para proyectos de transporte.pdf,"Creación y captura de valor para el desarrollo de proyectos de transporte: Informe 3, informe final",Infratrans Consultancy LAC SAS; Juan Felipe Pinilla Pineda,,,,,,2014,CAF,,,,,1.000,ALTERNATE_EDITION,"Local consultant-report title page verifies the June 2014 version; it is the earlier final project report underlying the verified 2019 CAF book, so it is grouped as an alternate edition of the same intellectual work",,
Captura de valor,5 DOT y planeación urbana (Gregor Wessels)/Captura de valor/Connolly_et_al-2016-Financial_Accountability_&_Management.pdf,Connolly_et_al-2016-Financial_Accountability_&_Management.pdf,Value Capture: A Valid Means of Funding PPPs?,Ciaran Connolly; Anthony Wall,,,,,,2016,Wiley,,,,,1.000,VERIFIED_NONBOOK,"Queen's University Belfast research record and Wiley DOI page verify the journal article title, authors, year, journal, pages, publisher, and DOI",,
Captura de valor,5 DOT y planeación urbana (Gregor Wessels)/Captura de valor/Curso Captura Valor Conclusiones  20180921.pdf,Curso Captura Valor Conclusiones  20180921.pdf,Estrategias y mejores prácticas en captura de valor inmobiliario para mega proyectos de transporte masivo: conclusiones y recomendaciones,Carlos Felipe Pardo,,,,,,2018,Despacio,/works/OL45931466W,/books/OL62490660M,,,1.000,APPROVED,Created after explicit create_record=YES review,,YES
Captura de valor,5 DOT y planeación urbana (Gregor Wessels)/Captura de valor/DIAZ FABIAN ALBERTO 2011 Las diferencias de aplicacion de instrumentos ANPUR.pdf,DIAZ FABIAN ALBERTO 2011 Las diferencias de aplicacion de instrumentos ANPUR.pdf,Las diferencias en la aplicación de instrumentos de planificación y,Fabián Alberto Díaz; Vanessa Velasco Bernal,,,,,,2011,Associação Nacional de Pós-Graduação e Pesquisa em Planejamento Urbano e Regional (ANPUR),,,,,1.000,VERIFIED_NONBOOK,"Paper in the anais of the XIV Encontro Nacional da ANPUR, Rio de Janeiro, May 2011; the official ANPUR PDF was downloaded and prints exactly the same truncated title ending in 'y', so the printed title is reproduced verbatim rather than reconstructed; a conference paper, not an Open Library book",,
Captura de valor,5 DOT y planeación urbana (Gregor Wessels)/Captura de valor/Experience with the betterment levy in Peru. Gamarra Huayapa English Final.pdf,Experience with the betterment levy in Peru. Gamarra Huayapa English Final.pdf,Experience with the Betterment Levy in Peru,Margarita Gamarra Huayapa,,,,,,2001,Lincoln Institute of Land Policy,/works/OL45930557W,/books/OL62489550M,,,1.000,APPROVED,Created after explicit create_record=YES review,,YES
Captura de valor,"5 DOT y planeación urbana (Gregor Wessels)/Captura de valor/GUZMAN, PAEZ y BORRERO CIE UANDES PPT estrategia de captura de valor para financiar la construccion del metro de Bogota.pdf","GUZMAN, PAEZ y BORRERO CIE UANDES PPT estrategia de captura de valor para financiar la construccion del metro de Bogota.pdf",Estrategias de captura de valor para financiar la construcción del metro de Bogotá: instrumentos y potencial,Luis A. Guzmán; Daniel Páez; Oscar Borrero,,,,,,2012,Universidad de los Andes,/works/OL45931467W,/books/OL62490661M,,,1.000,APPROVED,Created after explicit create_record=YES review,,YES
Captura de valor,5 DOT y planeación urbana (Gregor Wessels)/Captura de valor/Impactos_Regulaciones_Precios-Borrero_Oscar-2007.pdf,Impactos_Regulaciones_Precios-Borrero_Oscar-2007.pdf,The Effects of Land Policy on Urban Land Prices in Bogotá,Oscar Borrero,,,,,,2007,Lincoln Institute of Land Policy,/works/OL45930559W,/books/OL62489552M,,,1.000,APPROVED,Created after explicit create_record=YES review,,YES
Captura de valor,5 DOT y planeación urbana (Gregor Wessels)/Captura de valor/Informe Final Curso Captura de valor (Ago2018) 20180920.pdf,Informe Final Curso Captura de valor (Ago2018) 20180920.pdf,Estrategias y mejores prácticas en captura de valor inmobiliario para mega proyectos de transporte masivo: informe final,Despacio; Infratrans,,,,,,2018,CAF - Banco de Desarrollo de América Latina,/works/OL45930560W,/books/OL62489553M,,,1.000,APPROVED,Created after explicit create_record=YES review,,YES
Captura de valor,"5 DOT y planeación urbana (Gregor Wessels)/Captura de valor/Instrumentos de financiacion del desarrollo urbano, lecciones colombia Acosta Patricia.pdf","Instrumentos de financiacion del desarrollo urbano, lecciones colombia Acosta Patricia.pdf",Instrumentos de financiación del desarrollo urbano en Colombia: la contribución por valorización y la participación en plusvalías. Lecciones y reflexiones,Patricia Acosta Restrepo,,,,,,2010,Universidad del Rosario,,,,,1.000,VERIFIED_NONBOOK,"Official journal and university research records verify the canonical title, author, year, journal issue, pages, publisher, and DOI",,
Captura de valor,5 DOT y planeación urbana (Gregor Wessels)/Captura de valor/Insumos-para-la-aplicación-de-Certificados-de-Potencial-Adicional-de-Construcción-en-la-ciudad-de-Cali-CEPAC.pdf,Insumos-para-la-aplicación-de-Certificados-de-Potencial-Adicional-de-Construcción-en-la-ciudad-de-Cali-CEPAC.pdf,Insumos para la aplicación de Certificados de Potencial Adicional de Construcción en la ciudad de Cali,Tito Yepes; Juan Carlos Junca; Juliana Aguilar; Sebastián Martínez,,,,,,2013,Fedesarrollo,/works/OL45930561W,/books/OL62489554M,Informe final,Byron Garoz Herrarte; Juan Pablo Ozaeta; Colectivo de Estudios Rurales IXIM,1.000,APPROVED,Created after explicit create_record=YES review,"[{""work_key"": ""/works/OL44670463W"", ""title"": ""Informe final"", ""author"": [""Byron Garoz Herrarte"", ""Juan Pablo Ozaeta"", ""Colectivo de Estudios Rurales IXIM""], ""score"": 0.823}, {""work_key"": ""/works/OL32825391W"", ""title"": ""Informe final de observación electoral 2012"", ""author"": [""Instituto para el Desarrollo y la Democracia (Nicaragua)""], ""score"": 0.386}, {""work_key"": ""/works/OL44297802W"", ""title"": ""Observación electoral"", ""author"": [], ""score"": 0.294}, {""work_key"": ""/works/OL44405539W"", ""title"": ""Evaluación del proceso electoral primario novembre 2012"", ""author"": [""Movimiento de Mujeres por la Paz \""Visitación Padilla\""""], ""score"": 0.234}, {""work_key"": ""/works/OL32676284W"", ""title"": ""Sistematización del proceso metodológico de la primera encuesta nacional de inmigrantes en la República Dominicana [ENI -2012]"", ""author"": [""United Nations Population Fund""], ""score"": 0.229}]",YES
Captura de valor,5 DOT y planeación urbana (Gregor Wessels)/Captura de valor/Joint-Development-Policies-2013-07-25.pdf,Joint-Development-Policies-2013-07-25.pdf,Joint Development Policies and Guidelines,Washington Metropolitan Area Transit Authority,,,,,,2013,Washington Metropolitan Area Transit Authority,/works/OL45930562W,/books/OL62489555M,Fault and joint development in brittle and semi-brittle rock,Neville J. Price,1.000,APPROVED,Created after explicit create_record=YES review,"[{""work_key"": ""/works/OL31620717W"", ""title"": ""Fault and joint development in brittle and semi-brittle rock"", ""author"": [""Neville J. Price""], ""score"": 0.374}, {""work_key"": ""/works/OL29399418W"", ""title"": ""South China Sea"", ""author"": [""Mark J. Valencia""], ""score"": 0.307}, {""work_key"": ""/works/OL25732450W"", ""title"": ""Beyond Territorial Disputes in the South China Sea"", ""author"": [""Tara Davenport"", ""Ian Townsend-Gault"", ""Clive Schofield"", ""Leonardo Bernard"", ""Robert Beckman""], ""score"": 0.245}]",YES
Captura de valor,5 DOT y planeación urbana (Gregor Wessels)/Captura de valor/Land value capture mechanisms in Hong Kong and Singapore_2004.pdf,Land value capture mechanisms in Hong Kong and Singapore_2004.pdf,Land value capture mechanisms in Hong Kong and Singapore,Eddie Chi‐Man Hui; Vivian Sze‐Mun Ho; David Kim‐Hin Ho,,,10.1108/14635780410525153,,,2004,Emerald,,,,,1.000,VERIFIED_EXTERNAL,DOI metadata verifies a non-book publication; do not create it as an Open Library book,,
Captura de valor,5 DOT y planeación urbana (Gregor Wessels)/Captura de valor/LandRentCaptureHongKong_1998.pdf,LandRentCaptureHongKong_1998.pdf,Opportunities and Risks of Capturing Land Values Under Hong Kong's Leasehold System,Yu-Hung Hong; Alven H. S. Lam,,,,,,1998,Lincoln Institute of Land Policy,/works/OL45930563W,/books/OL62489556M,,,1.000,APPROVED,Created after explicit create_record=YES review,,YES
Captura de valor,5 DOT y planeación urbana (Gregor Wessels)/Captura de valor/MUNOS-RASKIN RAMON 2009 walking accessibility to bus rapid transit. does it affect property values the case of bogota.pdf,MUNOS-RASKIN RAMON 2009 walking accessibility to bus rapid transit. does it affect property values the case of bogota.pdf,"Walking accessibility to bus rapid transit: Does it affect property values? The case of Bogotá, Colombia",Ramon Munoz-Raskin,,,10.1016/j.tranpol.2009.11.002,,,2010,Elsevier BV,,,,,1.000,VERIFIED_EXTERNAL,DOI metadata verifies a non-book publication; do not create it as an Open Library book,,
Captura de valor,5 DOT y planeación urbana (Gregor Wessels)/Captura de valor/NBC-CA-Land-ValueCapture2.pdf,NBC-CA-Land-ValueCapture2.pdf,Land Value Capture as a Source of Funding of Public Transit for Greater Montréal,George Hazel Consultancy Ltd; Edinburgh-Rail Ltd,,,,,,2014,National Bank of Canada,/works/OL45930564W,/books/OL62489557M,,,1.000,APPROVED,Created after explicit create_record=YES review,,YES
Captura de valor,5 DOT y planeación urbana (Gregor Wessels)/Captura de valor/PERDOMO JA 2013 A methodological proposal to estimate changes of residential property value. case study in Bogota..pdf,PERDOMO JA 2013 A methodological proposal to estimate changes of residential property value. case study in Bogota..pdf,A methodological proposal to estimate changes of residential property value: case study developed in Bogotá,Jorge A. Perdomo,,,10.1080/13504851.2011.554360,,,2011,Informa UK Limited,,,,,1.000,VERIFIED_EXTERNAL,DOI metadata verifies a non-book publication; do not create it as an Open Library book,,
Captura de valor,5 DOT y planeación urbana (Gregor Wessels)/Captura de valor/REZENDE VERA FURTADO FERNANDA Revisao bibliografica comentada dos fundamentos da outorga onerosa do direito de construir OODC.pdf,REZENDE VERA FURTADO FERNANDA Revisao bibliografica comentada dos fundamentos da outorga onerosa do direito de construir OODC.pdf,Revisão bibliográfica comentada dos fundamentos da Outorga Onerosa do Direito de Construir – OODC,Vera F. Rezende; Fernanda Furtado; M. Teresa C. Oliveira; Pedro Jorgensen Jr.,,,,,,2011,"Revista de Direito da Cidade, Universidade do Estado do Rio de Janeiro",,,,,1.000,VERIFIED_NONBOOK,"Journal article, Revista de Direito da Cidade vol. 3 no. 2 (2011), pp. 156-205, with collaboration by Isabela Bacellar; the local PDF's first page and its embedded document title confirm the exact title and the four credited authors; the UERJ e-publicações host did not respond during this session",,
Captura de valor,5 DOT y planeación urbana (Gregor Wessels)/Captura de valor/ROJASF~1.PDF,ROJASF~1.PDF,"Aportes para a melhoria da gestão do transporte público por ônibus de Bogotá, a partir das experiências de Belo Horizonte e Curitiba",Fernando Rojas Parra,,,,,,2006,Pontificia Universidad Javeriana,,,,,1.000,VERIFIED_NONBOOK,"Papel Político (Bogotá) vol. 11 no. 2, julio-diciembre 2006, pp. 557-594; the local PDF uses a shifted font encoding whose decoded title block and running head confirm the journal, volume, issue and the author's Javeriana affiliation; a journal article, not an Open Library book",,
Captura de valor,5 DOT y planeación urbana (Gregor Wessels)/Captura de valor/SALGAD~1.PDF,SALGAD~1.PDF,Movilización social de la valorización de la tierra: casos latinoamericanos,María Clara Vejarano; Martim O. Smolka,,,,,,2007,Lincoln Institute of Land Policy,/works/OL45930565W,/books/OL62489558M,,,1.000,APPROVED,Created after explicit create_record=YES review,,YES
Captura de valor,5 DOT y planeación urbana (Gregor Wessels)/Captura de valor/SMITH JEFFERY GIHRING THOMAS Financing transist systems through land value capture.pdf,SMITH JEFFERY GIHRING THOMAS Financing transist systems through land value capture.pdf,Financing Transit Systems Through Value Capture,Jeffery J. Smith; Thomas A. Gihring,,,,,,2006,Wiley,,,,,0.917,VERIFIED_EXTERNAL,Near-exact long-title search recovered authoritative Crossref DOI metadata for a non-book publication,,
Captura de valor,5 DOT y planeación urbana (Gregor Wessels)/Captura de valor/SMOLKA MARTIM 2012 Una nueva mirada a la recuperacion de_plusvalias.pdf,SMOLKA MARTIM 2012 Una nueva mirada a la recuperacion de_plusvalias.pdf,Una nueva mirada a la recuperación de plusvalías en América Latina,Martim O. Smolka,,,,,,2012,Lincoln Institute of Land Policy,,,,,1.000,VERIFIED_NONBOOK,Official Lincoln Institute copy verifies this as a July 2012 Land Lines article rather than a standalone book,,
Captura de valor,5 DOT y planeación urbana (Gregor Wessels)/Captura de valor/SMOLKA-AMBORSKI Recuperación de plusvalias comparación Inter-america.pdf,SMOLKA-AMBORSKI Recuperación de plusvalias comparación Inter-america.pdf,Recuperación de plusvalías para el desarrollo urbano: una comparación inter-americana,Martim O. Smolka; David Amborski,,,,,,2003,"Instituto de Estudios Urbanos y Territoriales, Pontificia Universidad Católica de Chile",,,,,1.000,VERIFIED_NONBOOK,"Revista EURE vol. XXIX no. 88, Santiago de Chile, diciembre 2003, pp. 55-77; the local PDF's first page carries that exact citation line and the DOI resolves to the matching SciELO Chile record; a journal article, not an Open Library book",,
Captura de valor,5 DOT y planeación urbana (Gregor Wessels)/Captura de valor/Suzuki.pdf,Suzuki.pdf,9781464801495.pdf,of the adaptation and are not endorsed by The World Bank.,,9781464801495,10.1596/978-1-4648-0149-5,,,2009,© 2015 International Bank for Reconstruction and Development / The World Bank,/works/OL22324214W,/books/OL30404172M,Financing Transit-Oriented Development with Land Values: Adapting Land Value Capture in Developing Countries,Hiroaki Suzuki; Jin Murakami; Yu-Hung Hong; Beth Tamayose,1.000,MATCHED,Exact DOI metadata led to Open Library via ISBN,,
Captura de valor,5 DOT y planeación urbana (Gregor Wessels)/Captura de valor/TfL (2017) - land_value_capture_report_annexes_transport_for_london.pdf,TfL (2017) - land_value_capture_report_annexes_transport_for_london.pdf,Land Value Capture: Annexes,Transport for London; Greater London Authority,,,,,,2017,Transport for London; Greater London Authority,/works/OL45930566W,/books/OL62489560M,,,1.000,APPROVED,Created after explicit create_record=YES review,,YES
Captura de valor,5 DOT y planeación urbana (Gregor Wessels)/Captura de valor/TLS-2014-Research-Paper-Value-Capture.pdf,TLS-2014-Research-Paper-Value-Capture.pdf,Location Value Capture Opportunities for Urban Public Transport Finance,Deborah Salon,,,,,,2014,Regional Plan Association; Volvo Research and Educational Foundations,/works/OL45930568W,/books/OL62489561M,,,1.000,APPROVED,Created after explicit create_record=YES review,,YES
Captura de valor,5 DOT y planeación urbana (Gregor Wessels)/Captura de valor/TOBON MARIA PATRICIA MOLINA Rentas inmobiliarias-cargas y beneficios metrocable.pdf,TOBON MARIA PATRICIA MOLINA Rentas inmobiliarias-cargas y beneficios metrocable.pdf,Rentas inmobiliarias privadas en la distribución de cargas y beneficios de los proyectos urbanos: estudio del polígono de la estación Andalucía del Metrocable de Medellín,María Patricia Tobón Molina,,,,,,2012,"Universidad Nacional de Colombia, Sede Medellín",/works/OL45930569W,/books/OL62489562M,El contenido del silencio,Lucía Etxebarría,1.000,APPROVED,Created after explicit create_record=YES review,"[{""work_key"": ""/works/OL22477839W"", ""title"": ""El contenido del silencio"", ""author"": [""Lucía Etxebarría""], ""score"": 0.46}, {""work_key"": ""/works/OL22403985W"", ""title"": ""El contenido de los conflictos"", ""author"": [""Laura Pasquali"", ""Oscar R. Videla""], ""score"": 0.43}, {""work_key"": ""/works/OL34257195W"", ""title"": ""Aforismos y Otros Contenidos"", ""author"": [""Luis Fernández""], ""score"": 0.414}, {""work_key"": ""/works/OL35204085W"", ""title"": ""Los contenidos en la catequesis"", ""author"": [""Emilio Alberich Sotomayor""], ""score"": 0.403}, {""work_key"": ""/works/OL35204086W"", ""title"": ""Los contenidos en la catequesis"", ""author"": [""Emilio Alberich Sotomayor""], ""score"": 0.403}]",YES
Captura de valor,5 DOT y planeación urbana (Gregor Wessels)/Captura de valor/TRB Land value capture d10781.pdf,TRB Land value capture d10781.pdf,"GAO-10-781 Public Transportation: Federal Role in Value Capture Strategies for Transit Is Limited, but Additional Guidance Could Help Clarify Policies","U.S. Government Accountability Office, http://www.gao.gov",,,,,,2010,,/works/OL32187232W,/books/OL43926837M,"Public Transportation: Federal Role in Value Capture Strategies for Transit Is Limited, but Additional Guidance Could Help Clarify Policies",United States Government Accountability Office,1.000,MATCHED,"Official GAO product record verifies title, report number GAO-10-781, responsible organization, publication date, and 55-page report format",,
Captura de valor,5 DOT y planeación urbana (Gregor Wessels)/Captura de valor/value_capture_transit.pdf,value_capture_transit.pdf,Value Capture from Transit-Oriented Development and Other Transportation Interchanges,African Development Economic Consultants; BKS Engineers,,,,,,2010,Urban LandMark,/works/OL45930570W,/books/OL62489563M,,,1.000,APPROVED,Created after explicit create_record=YES review,,YES
Captura de valor,5 DOT y planeación urbana (Gregor Wessels)/Captura de valor/World Bank 2015 financing with value capture.pdf,World Bank 2015 financing with value capture.pdf,World Resources Institute,World Bank Group,,9781464801495,10.1596/978-1-4648-0149-5,,,2015,"University of California, Berkeley",/works/OL22324214W,/books/OL30404172M,Financing Transit-Oriented Development with Land Values: Adapting Land Value Capture in Developing Countries,Hiroaki Suzuki; Jin Murakami; Yu-Hung Hong; Beth Tamayose,1.000,MATCHED,Exact DOI metadata led to Open Library via ISBN,,
Captura de valor,5 DOT y planeación urbana (Gregor Wessels)/Captura de valor/X. BOG BRT prices Rodriguez & Mojica 2009.pdf,X. BOG BRT prices Rodriguez & Mojica 2009.pdf,Capitalization of BRT network expansions effects into prices of non-expansion areas,Daniel A. Rodríguez; Carlos H. Mojica,,,10.1016/j.tra.2009.02.003,,,2009,Elsevier BV,,,,,1.000,VERIFIED_EXTERNAL,DOI metadata verifies a non-book publication; do not create it as an Open Library book,,
Captura de valor,5 DOT y planeación urbana (Gregor Wessels)/Captura de valor/X. Mendoza - Master Thesis - Value capture for funding Colombian BRTs.pdf,X. Mendoza - Master Thesis - Value capture for funding Colombian BRTs.pdf,Value Capture for Funding Colombian BRTS Infrastructure: The Case of Transmilenio in Bogotá,Camilo Mendoza,,,,,,2005,"Institute for Housing and Urban Development Studies (IHS), Erasmus University Rotterdam",/works/OL45930572W,/books/OL62489565M,,,1.000,APPROVED,Created after explicit create_record=YES review,,YES
DOT estándar,5 DOT y planeación urbana (Gregor Wessels)/DOT estándar/DOT Estándar 2.1 (Copia en conflicto de Despacio org 2024-11-15).pdf,DOT Estándar 2.1 (Copia en conflicto de Despacio org 2024-11-15).pdf,"TOD Standard, Version 2.1",Institute for Transportation and Development Policy,,,,,,2014,Institute for Transportation and Development Policy; Despacio,/works/OL45930573W,/books/OL62491514M,,,1.000,APPROVED,Alternate edition attached to /works/OL45930573W,,
DOT estándar,5 DOT y planeación urbana (Gregor Wessels)/DOT estándar/DOT Estándar 2.1.pdf,DOT Estándar 2.1.pdf,"TOD Standard, Version 2.1",Institute for Transportation and Development Policy,,,,,,2014,Institute for Transportation and Development Policy; Despacio,/works/OL45930573W,/books/OL62489566M,Matrimonio Aprobado Por Dios,Julio Dos Santos,1.000,APPROVED,Created after explicit create_record=YES review,"[{""work_key"": ""/works/OL37608641W"", ""title"": ""Matrimonio Aprobado Por Dios"", ""author"": [""Julio Dos Santos""], ""score"": 0.517}, {""work_key"": ""/works/OL34308917W"", ""title"": ""Formulario ʹo recetario quirurgico, aprobado por el real proto-medicato ..."", ""author"": [""Félix Fermín Eguía y Harrieta""], ""score"": 0.283}, {""work_key"": ""/works/OL24958996W"", ""title"": ""Informe aprobado por la Junta de Gobierno del Consulado de Guatemala"", ""author"": [""Consulado Nacional (Guatemala)""], ""score"": 0.28}, {""work_key"": ""/works/OL1214643W"", ""title"": ""Cuba no debe su independencia a los Estados Unidos"", ""author"": [""Emilio Roig de Leuchsenring""], ""score"": 0.258}, {""work_key"": ""/works/OL43457306W"", ""title"": ""Programa de derecho internacional publico, aprobado por la Facultad"", ""author"": [""Guayaquil. Universidad. Facultad de Jurisprudencia y Ciencias Sociales""], ""score"": 0.252}]",YES
DOT estándar,5 DOT y planeación urbana (Gregor Wessels)/DOT estándar/FINAL_PerformanceBasedTODTypologyGuidebook_FINAL.pdf,FINAL_PerformanceBasedTODTypologyGuidebook_FINAL.pdf,Performance-Based Transit-Oriented Development Typology Guidebook,Mason Austin; Dena Belzer; Albert Benedict; Paul Esling; Peter Haas; Gajus Miknaitis; Elizabeth Wampler; Jeff Wood; Linda Young; Sam Zimbabwe,,,,,,2010,Center for Transit-Oriented Development; Reconnecting America; Center for Neighborhood Technology; Strategic Economics,/works/OL45930574W,/books/OL62489567M,,,1.000,APPROVED,Created after explicit create_record=YES review,,YES
DOT estándar,5 DOT y planeación urbana (Gregor Wessels)/DOT estándar/ITDP TOD Standard_Final_ITDP.pdf,ITDP TOD Standard_Final_ITDP.pdf,"TOD Standard, Version 2.1",Institute for Transportation and Development Policy,,,,,,2014,Institute for Transportation and Development Policy; Despacio,/works/OL45930573W,/books/OL62491515M,,,1.000,APPROVED,Alternate edition attached to /works/OL45930573W,,
DOTS América Latina,5 DOT y planeación urbana (Gregor Wessels)/DOTS América Latina/1 Creacion y captura de valor para el desarrollo de proyectos de transporte-28feb.pdf,1 Creacion y captura de valor para el desarrollo de proyectos de transporte-28feb.pdf,Creación y captura de valor para el desarrollo de proyectos de transporte,Carlos Felipe Pardo; Juan Felipe Pinilla Pineda; Catalina Villegas; Adriana Hurtado; Gregor Wessels; Carlos A. Moreno; Patricia Calderón; Catalina Duarte,,9789804221279,,,,2019,CAF,/works/OL45930575W,/books/OL62489568M,Tratados de la Union Europea,Union Europea,1.000,APPROVED,Created after explicit create_record=YES review,"[{""work_key"": ""/works/OL40790458W"", ""title"": ""Tratados de la Union Europea"", ""author"": [""Union Europea""], ""score"": 0.508}, {""work_key"": ""/works/OL23342781W"", ""title"": ""Historia de la Unión Europea"", ""author"": [""Donato Fernández Navarrete""], ""score"": 0.502}, {""work_key"": ""/works/OL42872650W"", ""title"": ""Le agenzie dell'Unione europea"", ""author"": [""Jacopo Alberti""], ""score"": 0.487}, {""work_key"": ""/works/OL34924135W"", ""title"": ""Derecho civil de la unión Europea"", ""author"": [""María Dolores Díaz-AmBrona Bardadjí""], ""score"": 0.487}, {""work_key"": ""/works/OL22356629W"", ""title"": ""Curso de derecho de la Unión europea"", ""author"": [""Joaquín Alcaide Fernández"", ""Rafael Casado Raigón""], ""score"": 0.452}]",YES
DOTS América Latina,5 DOT y planeación urbana (Gregor Wessels)/DOTS América Latina/2019_TOD_Gentrification.pdf,2019_TOD_Gentrification.pdf,Transit-oriented development and gentrification: a systematic review,Miguel Padeiro; Ana Louro; Nuno Marques da Costa,,,10.1080/01441647.2019.1649316,,,2019,Informa UK Limited,,,,,1.000,VERIFIED_EXTERNAL,DOI metadata verifies a non-book publication; do not create it as an Open Library book,,
DOTS América Latina,5 DOT y planeación urbana (Gregor Wessels)/DOTS América Latina/2021_DOTS_SantaFe.pdf,2021_DOTS_SantaFe.pdf,Valoración del entorno de una estación ferroviaria inactiva mediante estándar DOT: avance metodológico para el caso del Gran Santa Fe (Argentina),María Alejandra Saus; Andrés Ignacio Aguirre,,,10.5821/siiu.10156,,,2022,Universitat Politècnica de Catalunya,,,,,1.000,VERIFIED_EXTERNAL,DOI metadata verifies a non-book publication; do not create it as an Open Library book,,
DOTS América Latina,5 DOT y planeación urbana (Gregor Wessels)/DOTS América Latina/2021_DOTS_tren_Santiago.pdf,2021_DOTS_tren_Santiago.pdf,"Estaciones como nodos y lugares: el potencial del tren para el desarrollo urbano orientado al transporte en Santiago, Chile",Giovanni Vecchio,,,10.22320/07183607.2021.24.43.08,,,2021,Universidad del Bio Bio,,,,,1.000,VERIFIED_EXTERNAL,DOI metadata verifies a non-book publication; do not create it as an Open Library book,,
DOTS América Latina,5 DOT y planeación urbana (Gregor Wessels)/DOTS América Latina/2022_DOTS__Costa_Rica.pdf,2022_DOTS__Costa_Rica.pdf,Implementación del desarrollo orientado al transporte público en la Gran Área Metropolitana utilizando el tren urbano,Enoc Adolfo Araya Porras,,,,,,2022,Universidad de Costa Rica,/works/OL45930576W,/books/OL62489569M,,,1.000,APPROVED,Created after explicit create_record=YES review,,YES
DOTS América Latina,5 DOT y planeación urbana (Gregor Wessels)/DOTS América Latina/2022_DOTS_Salta.pdf,2022_DOTS_Salta.pdf,Plan de internacionalización de la ciudad de Salta mediante el desarrollo orientado al transporte,Ricardo Galindo Anaya-Ferrel,,,,,,2023,Universidad Siglo 21,/works/OL45930577W,/books/OL62489570M,No Plan B,Lee Child; Andrew Grant,1.000,APPROVED,Created after explicit create_record=YES review,"[{""work_key"": ""/works/OL27121628W"", ""title"": ""No Plan B"", ""author"": [""Lee Child"", ""Andrew Grant""], ""score"": 0.565}, {""work_key"": ""/works/OL1905313W"", ""title"": ""El plan infinito"", ""author"": [""Isabel Allende""], ""score"": 0.388}, {""work_key"": ""/works/OL16605567W"", ""title"": ""Running lean"", ""author"": [""Ash Maurya""], ""score"": 0.367}, {""work_key"": ""/works/OL1807517W"", ""title"": ""Principles of marketing"", ""author"": [""Philip Kotler"", ""Gary Armstrong"", ""John Saunders undifferentiated"", ""Veronica Wong"", ""Peggy H. Cunningham"", ""Valerie Trifts""], ""score"": 0.303}, {""work_key"": ""/works/OL19964945W"", ""title"": ""Project management"", ""author"": [""Harold Kerzner""], ""score"": 0.284}]",YES
DOTS América Latina,5 DOT y planeación urbana (Gregor Wessels)/DOTS América Latina/2022_Factores_BRT_Latam.pdf,2022_Factores_BRT_Latam.pdf,"Factores determinantes de la relación entre la localización  de las empresas, la dinámica del transporte público tipo BRT  y el desarrollo urbano",Diego Rafael Roberto Cabrera-Moya,,,10.24201/edu.v37i3.2048,,,2022,"El Colegio de Mexico, A.C.",,,,,1.000,VERIFIED_EXTERNAL,DOI metadata verifies a non-book publication; do not create it as an Open Library book,,
DOTS América Latina,5 DOT y planeación urbana (Gregor Wessels)/DOTS América Latina/2023_BRT_Quito.pdf,2023_BRT_Quito.pdf,"Entorno urbano, densidad poblacional y uso del Sistema de Autobuses de Transporte Rápido en Quito",Alba Núñez,,,10.7764/eure.49.148.11,,,2023,Pontificia Universidad Catolica de Chile,,,,,1.000,VERIFIED_EXTERNAL,DOI metadata verifies a non-book publication; do not create it as an Open Library book,,
DOTS América Latina,5 DOT y planeación urbana (Gregor Wessels)/DOTS América Latina/2023_TODS_literature_review.pdf,2023_TODS_literature_review.pdf,Transportation Oriented Development Method: literature review,Julio Vega; Robinson Balcázar; Xavier Guerra,,,10.1088/1755-1315/1141/1/012002,,,2023,IOP Publishing,,,,,1.000,VERIFIED_EXTERNAL,DOI metadata verifies a non-book publication; do not create it as an Open Library book,,
DOTS América Latina,5 DOT y planeación urbana (Gregor Wessels)/DOTS América Latina/DOTS Cidades - EMBARQ Brasil.pdf,DOTS Cidades - EMBARQ Brasil.pdf,DOTS Cidades: Manual de Desenvolvimento Urbano Orientado ao Transporte Sustentável,EMBARQ Brasil,,,,,,2015,EMBARQ Brasil,/works/OL45930578W,/books/OL62489571M,,,1.000,APPROVED,Created after explicit create_record=YES review,,YES
DOTS América Latina,5 DOT y planeación urbana (Gregor Wessels)/DOTS América Latina/DOTS_Latam.pdf,DOTS_Latam.pdf,Desarrollo orientado al transporte: una evaluación de tendencias y oportunidades para América Latina,Daniel A. Rodríguez; Mario Durán Ortiz; Jason Hobbs; Francisca María Magdalena Rojas; Anne Hudson,,,,,,2021,Inter-American Development Bank,/works/OL45930579W,/books/OL62489572M,,,1.000,APPROVED,Created after explicit create_record=YES review,,YES
DOTS América Latina,"5 DOT y planeación urbana (Gregor Wessels)/DOTS América Latina/Economy, environment and culture in Latin America - David Edelman.pdf","Economy, environment and culture in Latin America - David Edelman.pdf","Economy, Environment & Culture in Latin America: A Comparative Study of National Planning in Brazil and Mexico",David J. Edelman; David J. Allor,,9786139845675,,,,2018,LAP Lambert Academic Publishing,/works/OL45930580W,/books/OL62489573M,,,1.000,APPROVED,Created after explicit create_record=YES review,,YES
DOTS América Latina,5 DOT y planeación urbana (Gregor Wessels)/DOTS América Latina/Improving Coordination of Transportation and Land-Use Planning in Latin American Cities.pdf,Improving Coordination of Transportation and Land-Use Planning in Latin American Cities.pdf,Improving Coordination of Transportation and Land-Use Planning in Latin American Cities: overcoming the barriers,Arturo Ardila,,,,,,2006,"Universidad de los Andes, Transportation Studies Group",/works/OL45931468W,/books/OL62490663M,,,1.000,APPROVED,Created after explicit create_record=YES review,,YES
DOTS América Latina,5 DOT y planeación urbana (Gregor Wessels)/DOTS América Latina/Integración de transporte no motorizado y DOTS 2014.pdf,Integración de transporte no motorizado y DOTS 2014.pdf,Integración de Transporte no Motorizado y DOTS,Carlos Felipe Pardo; Patricia Calderón Peña,,9789585767454,,,,2014,Cámara de Comercio de Bogotá; Fundación Despacio,/works/OL45930582W,/books/OL62489575M,La Cámara de Comercio de Bogotá y sus publicaciones,María Teresa Ramírez Vargas,1.000,APPROVED,Created after explicit create_record=YES review,"[{""work_key"": ""/works/OL5380156W"", ""title"": ""La Cámara de Comercio de Bogotá y sus publicaciones"", ""author"": [""María Teresa Ramírez Vargas""], ""score"": 0.581}, {""work_key"": ""/works/OL2808225W"", ""title"": ""Historia de la Cámara de Comercio de Bogotá, 1878-1995"", ""author"": [""Juan Camilo Rodríguez Gómez""], ""score"": 0.567}, {""work_key"": ""/works/OL13453813W"", ""title"": ""Crónica de la fundación de la Cámara de Comercio de Bogotá"", ""author"": [""Jorge Casas Santamaría""], ""score"": 0.534}, {""work_key"": ""/works/OL19491758W"", ""title"": ""La reforma al Código de comercio"", ""author"": [""Colombia""], ""score"": 0.437}, {""work_key"": ""/works/OL12419319W"", ""title"": ""Congreso Nacional de Exportadores de 1968"", ""author"": [""Congreso Nacional de Exportadores, 2d, Bogotá 1968""], ""score"": 0.309}]",YES
DOTS América Latina,"5 DOT y planeación urbana (Gregor Wessels)/DOTS América Latina/Managing the urban environment - Lima, Peru - David Edelman.pdf","Managing the urban environment - Lima, Peru - David Edelman.pdf","Managing the Urban Environment - Lima, Peru",David J. Edelman,,9786137341308,,,,2018,LAP LAMBERT Academic Publishing,/works/OL45930583W,/books/OL62489576M,Machine Learning for Medical Image Reconstruction,Florian Knoll; Andreas Maier; Daniel Rueckert; Jong Chul Ye,1.000,APPROVED,Created after explicit create_record=YES review,"[{""work_key"": ""/works/OL20832535W"", ""title"": ""Machine Learning for Medical Image Reconstruction"", ""author"": [""Florian Knoll"", ""Andreas Maier"", ""Daniel Rueckert"", ""Jong Chul Ye""], ""score"": 0.313}, {""work_key"": ""/works/OL45252370W"", ""title"": ""Interview with Eva Arias, interviewed by Andrea Lluch, Lima, Peru"", ""author"": [""Eva Arias"", ""Andrea Lluch"", ""Harvard Business School""], ""score"": 0.294}, {""work_key"": ""/works/OL20667417W"", ""title"": ""Shape in Medical Imaging"", ""author"": [""Martin Reuter"", ""Christian Wachinger"", ""Hervé Lombaert"", ""Beatriz Paniagua"", ""Marcel Lüthi"", ""Bernhard Egger""], ""score"": 0.286}, {""work_key"": ""/works/OL20811294W"", ""title"": ""Information Management and Big Data"", ""author"": [""Juan Antonio Lossio-Ventura"", ""Denisse Muñante"", ""Hugo Alatrista-Salas""], ""score"": 0.274}, {""work_key"": ""/works/OL20850582W"", ""title"": ""String Processing and Information Retrieval"", ""author"": [""Travis Gagie"", ""Alistair Moffat"", ""Gonzalo Navarro"", ""Ernesto Cuadros-Vargas""], ""score"": 0.272}]",YES
DOTS América Latina,"5 DOT y planeación urbana (Gregor Wessels)/DOTS América Latina/Managing the urban environment - Santo Domingo, DomRep - David Edelman.pdf","Managing the urban environment - Santo Domingo, DomRep - David Edelman.pdf","Managing the Urban Environment - Santo Domingo, the Dominican Republic",David J. Edelman,,9786139446896,,,,2019,LAP LAMBERT Academic Publishing,/works/OL45930584W,/books/OL62489577M,Keystone XL Project Executive Summary,United Government; Michael McGreer,1.000,APPROVED,Created after explicit create_record=YES review,"[{""work_key"": ""/works/OL40664230W"", ""title"": ""Keystone XL Project Executive Summary"", ""author"": [""United Government"", ""Michael McGreer""], ""score"": 0.601}, {""work_key"": ""/works/OL20340711W"", ""title"": ""An Executive Summary of Dan Hurley's 'Smarter"", ""author"": [""A. D. Thibeault""], ""score"": 0.542}, {""work_key"": ""/works/OL41519940W"", ""title"": ""OJJDP Family Listening Sessions Executive Summary"", ""author"": [""U. S. Department U.S. Department of Justice""], ""score"": 0.507}, {""work_key"": ""/works/OL41021014W"", ""title"": ""Reusable Centaur Study, Volume 1 : Executive Summary"", ""author"": [""Convair"", ""Drew Granston""], ""score"": 0.507}, {""work_key"": ""/works/OL40973245W"", ""title"": ""Executive Summary of Jaron Lanier's 'Who Owns the Future?'"", ""author"": [""A. D. Thibeault""], ""score"": 0.472}]",YES
DOTS América Latina,5 DOT y planeación urbana (Gregor Wessels)/DOTS América Latina/Rodriguez Vergel 2014Mar13 BRT-OD Bogota Quito.pdf,Rodriguez Vergel 2014Mar13 BRT-OD Bogota Quito.pdf,Desarrollo urbano orientado a los sistemas de transporte público masivo tipo BRT (Bus Rapid Transit) en Quito y Bogotá,Daniel A. Rodríguez; Erik Vergel; William Fernando Camargo Triana,,,,,,2014,Lincoln Institute of Land Policy,/works/OL45930585W,/books/OL62489578M,,,1.000,APPROVED,Created after explicit create_record=YES review,,YES
DOTS América Latina,5 DOT y planeación urbana (Gregor Wessels)/DOTS América Latina/s5.pdf,s5.pdf,"¿Es la densidad suficiente? Análisis de la relación entre la densidad poblacional y la demanda de pasajeros en los sistemas de transporte público masivo tipo BRT (Bus Rapid Transit) en Curitiba, Quito y Bogotá",C. Erik Vergel-Tovar,,,,,,2019,International Institute for Environment and Development–Latin America,,,,,1.000,VERIFIED_NONBOOK,"Author CV and journal issue references verify the canonical title, author, journal, issue 90, August 2019 date, and article format",,
DOTS América Latina,5 DOT y planeación urbana (Gregor Wessels)/DOTS América Latina/TOD manual spanish.pdf,TOD manual spanish.pdf,Manual: Desarrollo Orientado al Transporte Sustentable (DOTS),Centro de Transporte Sustentable de México A.C.,,,,,,2010,Centro de Transporte Sustentable de México A.C.,/works/OL45930612W,/books/OL62491517M,,,1.000,APPROVED,Alternate edition attached to /works/OL45930612W,,
DOTS América Latina,5 DOT y planeación urbana (Gregor Wessels)/DOTS América Latina/U Andes David Melendez Th II  Eng 8 Final.pdf,U Andes David Melendez Th II  Eng 8 Final.pdf,Estimation of a Location Model of Land Uses in the City of Bogotá for the Assessment of a Transit-Oriented Development (TOD) Scheme in a BRT Corridor,David Francisco Meléndez Guevara,,,,,,2014,Universidad de los Andes,/works/OL45930586W,/books/OL62489579M,,,1.000,APPROVED,Created after explicit create_record=YES review,,YES
DOTS América Latina,5 DOT y planeación urbana (Gregor Wessels)/DOTS América Latina/VergelTovar-Busrapidtransit-2022.pdf,VergelTovar-Busrapidtransit-2022.pdf,Bus rapid transit impacts on land uses and development over time in Bogotá and Quito,C. Erik Vergel-Tovar; Daniel A. Rodriguez,,,10.2307/48719780,,,2022,Center for Transportation Studies,,,,,0.948,VERIFIED_EXTERNAL,Near-exact long-title search recovered authoritative Crossref DOI metadata for a non-book publication,,
DOTS Colombia,5 DOT y planeación urbana (Gregor Wessels)/DOTS América Latina/DOTS Colombia/2019_DOTS_Una prospectiva para Colombia.pdf,2019_DOTS_Una prospectiva para Colombia.pdf,Desarrollo Orientado al Transporte Sostenible (DOTS): Una prospectiva para Colombia,Julián Rodrigo Quintero González,,,,,,2019,Universidad Nacional de Colombia,,,,,1.000,VERIFIED_NONBOOK,"Official Bitácora Urbano Territorial record verifies the title, author, publisher, year, volume, issue, pages, and DOI; this is a journal article rather than a book",,
DOTS Colombia,5 DOT y planeación urbana (Gregor Wessels)/DOTS América Latina/DOTS Colombia/2019_Potencial_DOTS_TM.pdf,2019_Potencial_DOTS_TM.pdf,"Potencial del Desarrollo Orientado al Transporte como transformador urbano. Caso de estudio: Transmilenio, Bogotá, Colombia, 2019",Paola M. Cavadía Álvarez,,,,,,2019,Universitat de Barcelona,/works/OL45930588W,/books/OL62489581M,,,1.000,APPROVED,Created after explicit create_record=YES review,,YES
DOTS Colombia,"5 DOT y planeación urbana (Gregor Wessels)/DOTS América Latina/DOTS Colombia/2021-Ciudad, transporte y genero-MFP.pdf","2021-Ciudad, transporte y genero-MFP.pdf","Ciudad, transporte y género: la movilidad urbana en el desarrollo sostenible de Villavicencio",María Fernanda Parra Mosquera,,,,,,2021,Universidad de los Andes,/works/OL45930589W,/books/OL62489582M,,,1.000,APPROVED,Created after explicit create_record=YES review,,YES
DOTS Colombia,5 DOT y planeación urbana (Gregor Wessels)/DOTS América Latina/DOTS Colombia/2021_Potencial_DOTS.pdf,2021_Potencial_DOTS.pdf,Evaluando el potencial del desarrollo orientado al transporte considerando las preferencias y percepciones de los ciudadanos,Verónica Meza Llinás,,,,,,2021,Universidad del Norte,/works/OL45930590W,/books/OL62489583M,,,1.000,APPROVED,Created after explicit create_record=YES review,,YES
DOTS Colombia,5 DOT y planeación urbana (Gregor Wessels)/DOTS América Latina/DOTS Colombia/2022_Analytics_tool_Simulated_DOTS.pdf,2022_Analytics_tool_Simulated_DOTS.pdf,A SPATIO-TEMPORAL VISUAL ANALYTICS TOOL FOR SIMULATED TRANSPORT ORIENTED-LAND USE URBAN PLANNING DATA,L. Merchan Zorro; A. A. Vivas Meza; O. D. Bautista Acosta; H. E. Castro Barrera; J. R. Peña; L. A. Guzman; J. T. Hernandez,,,10.5194/isprs-archives-XLVIII-4-W5-2022-113-2022,,,2022,Copernicus GmbH,,,,,1.000,VERIFIED_EXTERNAL,DOI metadata verifies a non-book publication; do not create it as an Open Library book,,
Bogota 21 Transit-oriented Metropolis,5 DOT y planeación urbana (Gregor Wessels)/DOTS América Latina/DOTS Colombia/Bogota 21 Transit-oriented Metropolis/Bogota 21 engish digital 31-10-12.pdf,Bogota 21 engish digital 31-10-12.pdf,"Bogotá 21: Towards a World-Class, Transit-Oriented Metropolis",Gregor Wessels; Carlos Felipe Pardo; Juan Pablo Bocarejo,,9789585767409,,,,2012,Fundación Despacio,/works/OL45930591W,/books/OL62489584M,,,1.000,APPROVED,Created after explicit create_record=YES review,,YES
Bogota 21 Transit-oriented Metropolis,5 DOT y planeación urbana (Gregor Wessels)/DOTS América Latina/DOTS Colombia/Bogota 21 Transit-oriented Metropolis/Bogota 21 espanol digital 31-10-12.pdf,Bogota 21 espanol digital 31-10-12.pdf,Bogotá 21: Hacia una Metrópoli de Clase Mundial Orientada al Transporte Público,Gregor Wessels; Carlos Felipe Pardo; Juan Pablo Bocarejo,,9789585767409,,,,2012,Fundación Despacio,/works/OL45930591W,/books/OL62491518M,,,1.000,APPROVED,Alternate edition attached to /works/OL45930591W,,
Bogota 21 Transit-oriented Metropolis,5 DOT y planeación urbana (Gregor Wessels)/DOTS América Latina/DOTS Colombia/Bogota 21 Transit-oriented Metropolis/Bogota 21_Towards a worldclass transit-oriented Metropolis.pdf,Bogota 21_Towards a worldclass transit-oriented Metropolis.pdf,"Bogotá 21: Towards a World-Class, Transit-Oriented Metropolis",Gregor Wessels; Carlos Felipe Pardo; Juan Pablo Bocarejo,,9789585767409,,,,2012,Fundación Despacio,,,,,1.000,DUPLICATE_LOCAL,Byte-identical local PDF; verified metadata links it to the same intellectual work,,
Proyecto Política nacional DOTS (CCAP-SIGMA-DESPACIO),5 DOT y planeación urbana (Gregor Wessels)/DOTS América Latina/DOTS Colombia/Proyecto Política nacional DOTS (CCAP-SIGMA-DESPACIO)/Diagnóstico del marco de política para proyectos DOTS en Colombia .pdf,Diagnóstico del marco de política para proyectos DOTS en Colombia .pdf,Informe 3: Diagnóstico del marco de política en Colombia para el desarrollo de proyectos DOTS,Consorcio SIGMA Gestión de Proyectos – Despacio,,,,,,2019,Center for Clean Air Policy (CCAP); Findeter,/works/OL45930592W,/books/OL62489585M,,,1.000,APPROVED,Created after explicit create_record=YES review,,YES
Proyecto Política nacional DOTS (CCAP-SIGMA-DESPACIO),5 DOT y planeación urbana (Gregor Wessels)/DOTS América Latina/DOTS Colombia/Proyecto Política nacional DOTS (CCAP-SIGMA-DESPACIO)/Lineamientos para una política nacional DOTS_Executive_Summary.pdf,Lineamientos para una política nacional DOTS_Executive_Summary.pdf,Guidelines for a National DOTS Policy in Colombia,Consorcio SIGMA Gestión de Proyectos – Despacio,,,,,,2020,Findeter,/works/OL45930593W,/books/OL62491520M,,,1.000,APPROVED,Alternate edition attached to /works/OL45930593W,,
Proyecto Política nacional DOTS (CCAP-SIGMA-DESPACIO),5 DOT y planeación urbana (Gregor Wessels)/DOTS América Latina/DOTS Colombia/Proyecto Política nacional DOTS (CCAP-SIGMA-DESPACIO)/Lineamientos para una política nacional DOTS_Resumen Ejecutivo.pdf,Lineamientos para una política nacional DOTS_Resumen Ejecutivo.pdf,Lineamientos para una Política Nacional de Desarrollo Orientado al Transporte Sostenible (DOTS),Consorcio SIGMA Gestión de Proyectos – Despacio,,,,,,2020,Findeter,/works/OL45930593W,/books/OL62489586M,Doxatismos para una política autopoiética sin fin,Jorge León Casero,1.000,APPROVED,Created after explicit create_record=YES review,"[{""work_key"": ""/works/OL34733916W"", ""title"": ""Doxatismos para una política autopoiética sin fin"", ""author"": [""Jorge León Casero""], ""score"": 0.455}]",YES
PMMS Bogota 2023,"5 DOT y planeación urbana (Gregor Wessels)/DOTS América Latina/DOTS Colombia/Proyecto Política nacional DOTS (CCAP-SIGMA-DESPACIO)/Bogotá/PMMS Bogota 2023/Decreto 497 de 2023 Alcaldía Mayor de Bogotá, D.C_.pdf","Decreto 497 de 2023 Alcaldía Mayor de Bogotá, D.C_.pdf","Decreto 497 de 2023, por el cual se adopta el Plan de Movilidad Sostenible y Segura (PMSS) para Bogotá Distrito Capital y se dictan otras disposiciones","Alcaldía Mayor de Bogotá, D.C.",,,,,,2023,"Secretaría Jurídica Distrital, Alcaldía Mayor de Bogotá, D.C.",/works/OL45931470W,/books/OL62490664M,,,1.000,APPROVED,Created after explicit create_record=YES review,,YES
PMMS Bogota 2023,5 DOT y planeación urbana (Gregor Wessels)/DOTS América Latina/DOTS Colombia/Proyecto Política nacional DOTS (CCAP-SIGMA-DESPACIO)/Bogotá/PMMS Bogota 2023/DTS.pdf,DTS.pdf,Documento Técnico de Soporte del Plan de Movilidad Sostenible y Segura de Bogotá D.C.,Secretaría Distrital de Movilidad de Bogotá,,,,,,2023,Secretaría Distrital de Movilidad de Bogotá,/works/OL45930594W,/books/OL62489587M,,,1.000,APPROVED,Created after explicit create_record=YES review,,YES
Acuerdo,5 DOT y planeación urbana (Gregor Wessels)/DOTS América Latina/DOTS Colombia/Proyecto Política nacional DOTS (CCAP-SIGMA-DESPACIO)/Bogotá/POT Bogotá 2022- Documentos relevantes DOTS/Acuerdo/proyecto-de-acuerdo-pot-2021_concejo.pdf,proyecto-de-acuerdo-pot-2021_concejo.pdf,"Proyecto de Acuerdo del Plan de Ordenamiento Territorial de Bogotá D.C. presentado al Concejo de Bogotá, septiembre de 2021","Alcaldía Mayor de Bogotá, D.C.; Secretaría Distrital de Planeación",,,,,,2021,Concejo de Bogotá D.C.,/works/OL45931471W,/books/OL62490665M,,,1.000,APPROVED,Created after explicit create_record=YES review,,YES
Carto,5 DOT y planeación urbana (Gregor Wessels)/DOTS América Latina/DOTS Colombia/Proyecto Política nacional DOTS (CCAP-SIGMA-DESPACIO)/Bogotá/POT Bogotá 2022- Documentos relevantes DOTS/Carto/cg-7_actuaciones_estrategicas.pdf,cg-7_actuaciones_estrategicas.pdf,CG-7 Actuaciones Estratégicas,Secretaría Distrital de Planeación de Bogotá,,,,,,2021,Secretaría Distrital de Planeación de Bogotá,,,,,1.000,VERIFIED_NONBOOK,"Official POT map/document, not a book",,
DTS,5 DOT y planeación urbana (Gregor Wessels)/DOTS América Latina/DOTS Colombia/Proyecto Política nacional DOTS (CCAP-SIGMA-DESPACIO)/Bogotá/POT Bogotá 2022- Documentos relevantes DOTS/DTS/anexo28-guia_formulacion_actuaciones_estrategicas.pdf,anexo28-guia_formulacion_actuaciones_estrategicas.pdf,"Documento Técnico de Soporte del Plan de Ordenamiento Territorial de Bogotá D.C., julio de 2021",Secretaría Distrital de Planeación de Bogotá,,,,,,2021,Secretaría Distrital de Planeación de Bogotá,/works/OL45930595W,/books/OL62489589M,,,1.000,APPROVED,Created after explicit create_record=YES review,,YES
DTS,5 DOT y planeación urbana (Gregor Wessels)/DOTS América Latina/DOTS Colombia/Proyecto Política nacional DOTS (CCAP-SIGMA-DESPACIO)/Bogotá/POT Bogotá 2022- Documentos relevantes DOTS/DTS/anexo29-actuacion_estrategica_reverdecer_sur.pdf,anexo29-actuacion_estrategica_reverdecer_sur.pdf,"Documento Técnico de Soporte del Plan de Ordenamiento Territorial de Bogotá D.C., julio de 2021",Secretaría Distrital de Planeación de Bogotá,,,,,,2021,Secretaría Distrital de Planeación de Bogotá,,,,,1.000,PARENT_COMPONENT,"Cover page reads 'DOCUMENTO TÉCNICO DE SOPORTE - Anexo 29. Actuación Estratégica Reverdecer del Sur - Julio 2021'; One of seven local volumes and annexes of a single July 2021 technical support document, not a separate book; a September 2021 copy of Libro I is mirrored at concejodebogota.gov.co, and sdp.gov.co did not respond from this network",,YES
DTS,5 DOT y planeación urbana (Gregor Wessels)/DOTS América Latina/DOTS Colombia/Proyecto Política nacional DOTS (CCAP-SIGMA-DESPACIO)/Bogotá/POT Bogotá 2022- Documentos relevantes DOTS/DTS/dts_libroi_componente_general.pdf,dts_libroi_componente_general.pdf,"Documento Técnico de Soporte del Plan de Ordenamiento Territorial de Bogotá D.C., julio de 2021",Secretaría Distrital de Planeación de Bogotá,,,,,,2021,Secretaría Distrital de Planeación de Bogotá,,,,,1.000,PARENT_COMPONENT,"Cover page reads 'DOCUMENTO TÉCNICO DE SOPORTE - Libro 1. Componente General - Julio 2021'; One of seven local volumes and annexes of a single July 2021 technical support document, not a separate book; a September 2021 copy of Libro I is mirrored at concejodebogota.gov.co, and sdp.gov.co did not respond from this network",,YES
DTS,5 DOT y planeación urbana (Gregor Wessels)/DOTS América Latina/DOTS Colombia/Proyecto Política nacional DOTS (CCAP-SIGMA-DESPACIO)/Bogotá/POT Bogotá 2022- Documentos relevantes DOTS/DTS/dts_libroii_componente_urbano.pdf,dts_libroii_componente_urbano.pdf,"Documento Técnico de Soporte del Plan de Ordenamiento Territorial de Bogotá D.C., julio de 2021",Secretaría Distrital de Planeación de Bogotá,,,,,,2021,Secretaría Distrital de Planeación de Bogotá,,,,,1.000,PARENT_COMPONENT,"Cover page reads 'DOCUMENTO TÉCNICO DE SOPORTE - Libro 2. Componente Urbano - Julio 2021'; One of seven local volumes and annexes of a single July 2021 technical support document, not a separate book; a September 2021 copy of Libro I is mirrored at concejodebogota.gov.co, and sdp.gov.co did not respond from this network",,YES
DTS,5 DOT y planeación urbana (Gregor Wessels)/DOTS América Latina/DOTS Colombia/Proyecto Política nacional DOTS (CCAP-SIGMA-DESPACIO)/Bogotá/POT Bogotá 2022- Documentos relevantes DOTS/DTS/dts_libroiii_componente_rural_0.pdf,dts_libroiii_componente_rural_0.pdf,"Documento Técnico de Soporte del Plan de Ordenamiento Territorial de Bogotá D.C., julio de 2021",Secretaría Distrital de Planeación de Bogotá,,,,,,2021,Secretaría Distrital de Planeación de Bogotá,,,,,1.000,PARENT_COMPONENT,"Cover page reads 'DOCUMENTO TÉCNICO DE SOPORTE - Libro 3. Componente Rural - Julio 2021'; One of seven local volumes and annexes of a single July 2021 technical support document, not a separate book; a September 2021 copy of Libro I is mirrored at concejodebogota.gov.co, and sdp.gov.co did not respond from this network",,YES
DTS,5 DOT y planeación urbana (Gregor Wessels)/DOTS América Latina/DOTS Colombia/Proyecto Política nacional DOTS (CCAP-SIGMA-DESPACIO)/Bogotá/POT Bogotá 2022- Documentos relevantes DOTS/DTS/dts_libroiv_instrumentos_072021.pdf,dts_libroiv_instrumentos_072021.pdf,"Documento Técnico de Soporte del Plan de Ordenamiento Territorial de Bogotá D.C., julio de 2021",Secretaría Distrital de Planeación de Bogotá,,,,,,2021,Secretaría Distrital de Planeación de Bogotá,,,,,1.000,PARENT_COMPONENT,"Cover page reads 'DOCUMENTO TÉCNICO DE SOPORTE - Libro 4. Instrumentos de planeación, gestión y financiación - Julio 2021'; One of seven local volumes and annexes of a single July 2021 technical support document, not a separate book; a September 2021 copy of Libro I is mirrored at concejodebogota.gov.co, and sdp.gov.co did not respond from this network",,YES
DTS,5 DOT y planeación urbana (Gregor Wessels)/DOTS América Latina/DOTS Colombia/Proyecto Política nacional DOTS (CCAP-SIGMA-DESPACIO)/Bogotá/POT Bogotá 2022- Documentos relevantes DOTS/DTS/dts_librov_programasproyectos_072021.pdf,dts_librov_programasproyectos_072021.pdf,"Documento Técnico de Soporte del Plan de Ordenamiento Territorial de Bogotá D.C., julio de 2021",Secretaría Distrital de Planeación de Bogotá,,,,,,2021,Secretaría Distrital de Planeación de Bogotá,,,,,1.000,PARENT_COMPONENT,"Cover page reads 'DOCUMENTO TÉCNICO DE SOPORTE - Libro 5. Programas y Proyectos - Julio 2021'; One of seven local volumes and annexes of a single July 2021 technical support document, not a separate book; a September 2021 copy of Libro I is mirrored at concejodebogota.gov.co, and sdp.gov.co did not respond from this network",,YES
Conpes Movilidad Sostenible,5 DOT y planeación urbana (Gregor Wessels)/DOTS América Latina/DOTS Colombia/Proyecto Política nacional DOTS (CCAP-SIGMA-DESPACIO)/Conpes Movilidad Sostenible/Conpes_3991.pdf,Conpes_3991.pdf,Documento CONPES 3991: Política Nacional de Movilidad Urbana y Regional,Consejo Nacional de Política Económica y Social (CONPES),,,,,,2020,Departamento Nacional de Planeación,/works/OL45930597W,/books/OL62489590M,,,1.000,APPROVED,Created after explicit create_record=YES review,,YES
Otras políticas relacionadas,5 DOT y planeación urbana (Gregor Wessels)/DOTS América Latina/DOTS Colombia/Proyecto Política nacional DOTS (CCAP-SIGMA-DESPACIO)/Otras políticas relacionadas/05-Agosto-2022 Estrategia Nacional de Transporte Sostenible_V6.pdf,05-Agosto-2022 Estrategia Nacional de Transporte Sostenible_V6.pdf,Estrategia Nacional de Transporte Sostenible,Ministerio de Transporte de Colombia; Ministerio de Ambiente y Desarrollo Sostenible; Ministerio de Minas y Energía; Departamento Nacional de Planeación; Unidad de Planeación Minero Energética,,,,,,2022,Gobierno de Colombia,/works/OL45930598W,/books/OL62489591M,,,1.000,APPROVED,Created after explicit create_record=YES review,,YES
Proyectos DOTS,5 DOT y planeación urbana (Gregor Wessels)/DOTS América Latina/DOTS Colombia/Proyecto Política nacional DOTS (CCAP-SIGMA-DESPACIO)/Proyectos DOTS/2021_estudio_DOT_Metro_de_Bogota.pdf,2021_estudio_DOT_Metro_de_Bogota.pdf,Estación Calle 26 – Estudio DOT: reporte final. Estructuración de un modelo de transacción para movilizar financiamiento privado en apoyo a la estrategia de Desarrollo Orientado al Transporte Público de la Primera Línea del Metro de Bogotá,JLL,,,,,,2021,World Bank Group,/works/OL45930599W,/books/OL62489592M,,,1.000,APPROVED,Created after explicit create_record=YES review,,YES
Proyectos DOTS,5 DOT y planeación urbana (Gregor Wessels)/DOTS América Latina/DOTS Colombia/Proyecto Política nacional DOTS (CCAP-SIGMA-DESPACIO)/Proyectos DOTS/DOT_Cali.pdf,DOT_Cali.pdf,Corredor Verde – TOD NAMA Cali: proyecto Sendero ecológico Río Lili,Hanae Tanaka,,,,,,2018,,,,,,1.000,VERIFIED_NONBOOK,"Slide deck dated 18 December 2018 in the PDF metadata, presenting the Cali pilot of the Colombia TOD-NAMA on the Simón Bolívar corridor; the deck carries TOD-NAMA branding but names no publishing entity, and the author is taken from the PDF metadata; a presentation, not an Open Library book",,
Proyectos DOTS,5 DOT y planeación urbana (Gregor Wessels)/DOTS América Latina/DOTS Colombia/Proyecto Política nacional DOTS (CCAP-SIGMA-DESPACIO)/Proyectos DOTS/DOT_Manizales.pdf,DOT_Manizales.pdf,TOD NAMA Manizales: Renace el Centro,Findeter; Alcaldía de Manizales,,,,,,2021,Findeter,/works/OL45931472W,/books/OL62490666M,,,1.000,APPROVED,Created after explicit create_record=YES review,,YES
Proyectos DOTS,5 DOT y planeación urbana (Gregor Wessels)/DOTS América Latina/DOTS Colombia/Proyecto Política nacional DOTS (CCAP-SIGMA-DESPACIO)/Proyectos DOTS/DOT_NAMA_Colombia.pdf,DOT_NAMA_Colombia.pdf,NS-127 – Colombia TOD NAMA: NAMA seeking support for implementation,Findeter; Center for Clean Air Policy,,,,,,2015,United Nations Framework Convention on Climate Change,,,,,1.000,VERIFIED_NONBOOK,"Print-out of UNFCCC public NAMA registry entry NS-127; the national implementing entity contacts are Sandra P. Bejarano of Findeter and Steve Winkelman of CCAP, and the record states an expected implementation start of 2015 but carries no publication date, so the year is left blank rather than inferred; the UNFCCC registry was in maintenance during this session, and CCAP's own record is at https://www.ccap.org/post/colombia-transit-oriented-development-nama-selected-for-funding; a registry record, not an Open Library book",,
Proyectos DOTS,5 DOT y planeación urbana (Gregor Wessels)/DOTS América Latina/DOTS Colombia/Proyecto Política nacional DOTS (CCAP-SIGMA-DESPACIO)/Proyectos DOTS/Plan_Parcial_San_Bernardo.pdf,Plan_Parcial_San_Bernardo.pdf,Centro San Bernardo – Plan Parcial,RenoBo - Empresa de Renovación y Desarrollo Urbano de Bogotá D.C.,,,,,,2024,RenoBo - Empresa de Renovación y Desarrollo Urbano de Bogotá D.C.,,,,,1.000,VERIFIED_NONBOOK,"Three-page browser capture taken 12 January 2024 of RenoBo's project page for the Plan Parcial de Renovación Urbana Centro San Bernardo; renobo.com.co refuses automated requests but the page is indexed and mirrored by the Secretaría Distrital de Planeación; a web page capture, not an Open Library book",,
Proyectos DOTS,5 DOT y planeación urbana (Gregor Wessels)/DOTS América Latina/DOTS Colombia/Proyecto Política nacional DOTS (CCAP-SIGMA-DESPACIO)/Proyectos DOTS/Resolucion_0958_DOT_Villa_Nelly.pdf,Resolucion_0958_DOT_Villa_Nelly.pdf,Resolución 0958 de 2023: Directrices para la formulación de la Actuación Estratégica Chucua La Vaca,Secretaría Distrital de Planeación de Bogotá,,,,,,2023,Secretaría Distrital de Planeación de Bogotá,/works/OL45931473W,/books/OL62490667M,Secretaria de Shaba,Montse Barcons Gonzalez,1.000,APPROVED,Created after explicit create_record=YES review,"[{""work_key"": ""/works/OL30953401W"", ""title"": ""Secretaria de Shaba"", ""author"": [""Montse Barcons Gonzalez""], ""score"": 0.752}, {""work_key"": ""/works/OL31000650W"", ""title"": ""Secretaria de Guerra"", ""author"": [""Arturo Reyes""], ""score"": 0.731}, {""work_key"": ""/works/OL32129894W"", ""title"": ""A travessia do desastre"", ""author"": [""François Andes""], ""score"": 0.359}, {""work_key"": ""/works/OL4396303W"", ""title"": ""Di Cavalcanti"", ""author"": [""Emiliano Di Cavalcanti""], ""score"": 0.292}, {""work_key"": ""/works/OL34917060W"", ""title"": ""Procesos de Hidalguía del Consejo Real de Navarra que se conservan en el Archivo Real y General de Navarra. Siglo XVII"", ""author"": [""Rosa Buey Plano"", ""Miguel Bañales Leoz"", ""Manuel Pardo de Vera y Díaz""], ""score"": 0.178}]",YES
Recomendaciones de política- DOTS,5 DOT y planeación urbana (Gregor Wessels)/DOTS América Latina/DOTS Colombia/Proyecto Política nacional DOTS (CCAP-SIGMA-DESPACIO)/Recomendaciones de política- DOTS/CCAP-Findeter_Politica DOTS_Presentación Gral Proyecto.pdf,CCAP-Findeter_Politica DOTS_Presentación Gral Proyecto.pdf,Formulación de los lineamientos y recomendaciones de política para la implementación de iniciativas de Desarrollo Orientado al Transporte Sostenible (DOTS) en Colombia: presentación general del proyecto,Consorcio SIGMA Gestión de Proyectos – Despacio,,,,,,2020,Consorcio SIGMA Gestión de Proyectos – Despacio,/works/OL45931474W,/books/OL62490668M,,,1.000,APPROVED,Created after explicit create_record=YES review,,YES
Recomendaciones de política- DOTS,5 DOT y planeación urbana (Gregor Wessels)/DOTS América Latina/DOTS Colombia/Proyecto Política nacional DOTS (CCAP-SIGMA-DESPACIO)/Recomendaciones de política- DOTS/CCAP_Politica DOTS_Deber Ser Política V2 FINAL.pdf,CCAP_Politica DOTS_Deber Ser Política V2 FINAL.pdf,Informe 2: El deber ser de la política DOTS,Consorcio SIGMA Gestión de Proyectos – Despacio,,,,,,2019,Center for Clean Air Policy (CCAP); Findeter,/works/OL45930600W,/books/OL62489594M,,,1.000,APPROVED,Created after explicit create_record=YES review,,YES
Recomendaciones de política- DOTS,5 DOT y planeación urbana (Gregor Wessels)/DOTS América Latina/DOTS Colombia/Proyecto Política nacional DOTS (CCAP-SIGMA-DESPACIO)/Recomendaciones de política- DOTS/CCAP_Politica DOTS_Resumen Ejecutivo V5_FINAL.pdf,CCAP_Politica DOTS_Resumen Ejecutivo V5_FINAL.pdf,"Lineamientos para una política nacional DOTS (resumen ejecutivo, versión 5)",Consorcio SIGMA Gestión de Proyectos – Despacio,,,,,,2020,Findeter,/works/OL45930593W,/books/OL62491521M,,,1.000,APPROVED,Alternate edition attached to /works/OL45930593W,,
DOTS Asia,5 DOT y planeación urbana (Gregor Wessels)/DOTS Asia/HCMC transport and land use research.pdf,HCMC transport and land use research.pdf,Ho Chi Minh City Transport and Land Use,José A. Gómez-Ibáñez; Nguyen Xuan Thanh,,,,,,2008,Fulbright Economics Teaching Program,/works/OL45930601W,/books/OL62489595M,,,1.000,APPROVED,Created after explicit create_record=YES review,,YES
DOTS Asia,5 DOT y planeación urbana (Gregor Wessels)/DOTS Asia/Journal Cities 2012 TOD Dalian China 1-s2.0-S0966692312000592-main.pdf,Journal Cities 2012 TOD Dalian China 1-s2.0-S0966692312000592-main.pdf,Establishing the conditions for effective transit-oriented development in China: the case of Dalian,Rui Mu; Martin de Jong,,,10.1016/j.jtrangeo.2012.02.010,,,2012,Elsevier BV,,,,,1.000,VERIFIED_EXTERNAL,DOI metadata verifies a non-book publication; do not create it as an Open Library book,,
DOTS Europa & Estados Unidos,5 DOT y planeación urbana (Gregor Wessels)/DOTS Europa & Estados Unidos/1411_727_Final July 2008 07.pdf,1411_727_Final July 2008 07.pdf,"Land Lines, July 2008",Ann LeRoyer,,,,,,2008,Lincoln Institute of Land Policy,/works/OL45931476W,/books/OL62490670M,,,1.000,APPROVED,Created after explicit create_record=YES review,,YES
DOTS Europa & Estados Unidos,5 DOT y planeación urbana (Gregor Wessels)/DOTS Europa & Estados Unidos/1743_963_Land Lines January 2010.pdf,1743_963_Land Lines January 2010.pdf,"Land Lines, January 2010",Ann LeRoyer,,,,,,2010,Lincoln Institute of Land Policy,/works/OL45931477W,/books/OL62490671M,Land Lines,,1.000,APPROVED,Created after explicit create_record=YES review,"[{""work_key"": ""/works/OL33043970W"", ""title"": ""Land Lines"", ""author"": [], ""score"": 0.905}]",YES
DOTS Europa & Estados Unidos,5 DOT y planeación urbana (Gregor Wessels)/DOTS Europa & Estados Unidos/2007TODCaseStudies.pdf,2007TODCaseStudies.pdf,"TOD Case Studies: Implementation in Low-Income, Diverse Neighborhoods",Center for Transit-Oriented Development,,,,,,2007,Center for Transit-Oriented Development,/works/OL45930602W,/books/OL62489596M,,,1.000,APPROVED,Created after explicit create_record=YES review,,YES
DOTS Europa & Estados Unidos,5 DOT y planeación urbana (Gregor Wessels)/DOTS Europa & Estados Unidos/abc dutch planning.pdf,abc dutch planning.pdf,The ABC Location Policy in the Netherlands: The Right Business at the Right Place,M. J. Martens; S. van Griethuysen,,,,,,1999,TNO Inro,/works/OL45930603W,/books/OL62489597M,,,1.000,APPROVED,Created after explicit create_record=YES review,,YES
DOTS Europa & Estados Unidos,"5 DOT y planeación urbana (Gregor Wessels)/DOTS Europa & Estados Unidos/Applying DOT Rail Policy to Washington, D.C.'s Metrorail System Could Save Federal Funds.pdf","Applying DOT Rail Policy to Washington, D.C.'s Metrorail System Could Save Federal Funds.pdf","RCED-83-24 Applying DOT Rail Policy to Washington, D.C.'s Metrorail System Could Save Federal Funds",THE U.S. GENERAL ACCOUNTING OFFICE,,,,,,1983,The Department of Transportation’s policy,/works/OL10729940W,/books/OL14900732M,"Applying DOT's Rail Policy to Washington, D.C.'s Metrorail System Could Save Federal Funds",United States General Accounting Office,1.000,MATCHED,"Official GAO publications catalog verifies the canonical title, report number GAO/RCED-83-24, responsible organization, and publication date of 12 January 1983",,
DOTS Europa & Estados Unidos,5 DOT y planeación urbana (Gregor Wessels)/DOTS Europa & Estados Unidos/Columbia Heights case.pdf,Columbia Heights case.pdf,Columbia Heights Public Realm Framework,Zimmer Gunsul Frasca Partnership,,,,,,2004,"Government of the District of Columbia, Office of Planning",/works/OL45931478W,/books/OL62490672M,,,1.000,APPROVED,Created after explicit create_record=YES review,,YES
DOTS Europa & Estados Unidos,5 DOT y planeación urbana (Gregor Wessels)/DOTS Europa & Estados Unidos/Journal cities 2012 TOD Denver 1-s2.0-S0264275112001527-main.pdf,Journal cities 2012 TOD Denver 1-s2.0-S0264275112001527-main.pdf,The reshaping of land use and urban form in Denver through transit-oriented development,Keith A. Ratner; Andrew R. Goetz,,,10.1016/j.cities.2012.08.007,,,2013,Elsevier BV,,,,,1.000,VERIFIED_EXTERNAL,DOI metadata verifies a non-book publication; do not create it as an Open Library book,,
DOTS Europa & Estados Unidos,5 DOT y planeación urbana (Gregor Wessels)/DOTS Europa & Estados Unidos/LAND TAX Jerry Jones M Star 1 Feb 06.pdf,LAND TAX Jerry Jones M Star 1 Feb 06.pdf,The Simple Way to End Land Hoarding,Jerry Jones,,,,,,2006,Morning Star,,,,,1.000,VERIFIED_NONBOOK,"Single newspaper page dated 1 February 2006; title, author, newspaper, and date verified visually and corroborated by the Labour Land Campaign index",,
DOTS Europa & Estados Unidos,5 DOT y planeación urbana (Gregor Wessels)/DOTS Europa & Estados Unidos/land use europe technical_report_9_2007.pdf,land use europe technical_report_9_2007.pdf,Land-use scenarios for Europe: qualitative and quantitative analysis on a European scale,European Environment Agency,,9789291679270,,,,2007,European Environment Agency,/works/OL45930604W,/books/OL62489598M,,,1.000,APPROVED,Created after explicit create_record=YES review,,YES
DOTS Europa & Estados Unidos,5 DOT y planeación urbana (Gregor Wessels)/DOTS Europa & Estados Unidos/land-use-regulations-USA.pdf,land-use-regulations-USA.pdf,From Traditional to Reformed: A Review of the Land Use Regulations in the Nation's 50 Largest Metropolitan Areas,Rolf Pendall; Robert Puentes; Jonathan Martin,,,,,,2006,Brookings Institution,/works/OL45930605W,/books/OL62489599M,,,1.000,APPROVED,Created after explicit create_record=YES review,,YES
DOTS Europa & Estados Unidos,5 DOT y planeación urbana (Gregor Wessels)/DOTS Europa & Estados Unidos/Measuring Equity in Transit-Oriented Development_ Application to.pdf,Measuring Equity in Transit-Oriented Development_ Application to.pdf,Measuring Equity in Transit-Oriented Development: Application to Affordable Housing,Beryl Oranga,,,,,,2015,SIT Graduate Institute,/works/OL45930606W,/books/OL62489600M,,,1.000,APPROVED,Created after explicit create_record=YES review,,YES
DOTS Europa & Estados Unidos,5 DOT y planeación urbana (Gregor Wessels)/DOTS Europa & Estados Unidos/property tax sprawl hpd_1701_goodman.pdf,property tax sprawl hpd_1701_goodman.pdf,"Houses, Apartments, and the Incidence of Property Taxes",Jack Goodman,,,,,,2006,Fannie Mae Foundation,,,,,1.000,VERIFIED_NONBOOK,"Publisher DOI page verifies the article title, author, 2006 Housing Policy Debate volume and issue, pages, publisher context, and DOI",,
DOTS Europa & Estados Unidos,5 DOT y planeación urbana (Gregor Wessels)/DOTS Europa & Estados Unidos/TOD tcrp_rpt_95c17.pdf,TOD tcrp_rpt_95c17.pdf,"Traveler Response to Transportation System Changes Handbook, Third Edition: Chapter 17, Transit-Oriented Development",John E. Evans IV; Richard H. Pratt; Andrew Stryker; J. Richard Kuzmyak,0309098920,9780309098922,,,,2007,Transportation Research Board,/works/OL45930607W,/books/OL62489601M,Principles and Practice of Governing of Men,Felix K. Alonge,1.000,APPROVED,Created after explicit create_record=YES review,"[{""work_key"": ""/works/OL9145836W"", ""title"": ""Principles and Practice of Governing of Men"", ""author"": [""Felix K. Alonge""], ""score"": 0.995}]",YES
DOTS Europa & Estados Unidos,5 DOT y planeación urbana (Gregor Wessels)/DOTS Europa & Estados Unidos/TOD-infrastructure-financing-report-2013.pdf,TOD-infrastructure-financing-report-2013.pdf,Infrastructure Financing Options for Transit-Oriented Development,United States Environmental Protection Agency,,,,,,2013,United States Environmental Protection Agency,/works/OL45930608W,/books/OL62489602M,,,1.000,APPROVED,Created after explicit create_record=YES review,,YES
DOTS Europa & Estados Unidos,5 DOT y planeación urbana (Gregor Wessels)/DOTS Europa & Estados Unidos/WMATA-TOD-Presentation072213.pdf,WMATA-TOD-Presentation072213.pdf,WMATA Transit-Oriented Development in Maryland,Washington Metropolitan Area Transit Authority,,,,,,2013,Washington Metropolitan Area Transit Authority,/works/OL45931479W,/books/OL62490673M,,,1.000,APPROVED,Created after explicit create_record=YES review,,YES
Planeación territorial,5 DOT y planeación urbana (Gregor Wessels)/Planeación territorial/land use and transport challenges for research and policy making.pdf,land use and transport challenges for research and policy making.pdf,Land Use and Transport: Research and Policy Challenges,Bert van Wee,,,,,,2002,Elsevier,,,The Dame Margot Fonteyn collection,Margot Fonteyn,1.000,VERIFIED_NONBOOK,"TU Delft research record verifies the journal article title, author, publisher, date, journal, volume, issue, pages, and DOI","[{""work_key"": ""/works/OL11591796W"", ""title"": ""The Dame Margot Fonteyn collection"", ""author"": [""Margot Fonteyn""], ""score"": 0.245}, {""work_key"": ""/works/OL45742251W"", ""title"": ""OSCE- Japan conference 2000 \""Comprehensive Security in Central Asia - Sharing OSCE and Asian Experiences\"" Tokyo, 11-12 December 2000"", ""author"": [""Organization for Security and Co-operation in Europe. Secretary General"", ""Japan) OSCE- Japan Conference 2000 \""Comprehensive Security in Central Asia - Sharing OSCE and Asian Experiences (2000 Tokyo""], ""score"": 0.239}]",
Planeación territorial,5 DOT y planeación urbana (Gregor Wessels)/Planeación territorial/land use and transport planning New Zealand.pdf,land use and transport planning New Zealand.pdf,Integrating land use and transport planning,M. Ward; J. Dixon; B. Sadler; J. Wilson,,9780478287462,,,,2007,Land Transport New Zealand,/works/OL45930609W,/books/OL62489603M,,,1.000,APPROVED,Created after explicit create_record=YES review,,YES
Planeación territorial,5 DOT y planeación urbana (Gregor Wessels)/Planeación territorial/TRB-landuse-VMT.pdf,TRB-landuse-VMT.pdf,Transportation Research Board,,,9780309142557,,,,2009,"Academy of Sciences, the National Academy of Engineering, and the Institute of Medicine. The",/works/OL15596836W,/books/OL24547420M,Driving and the built environment,"National Research Council (U.S.). Committee for the Study on the Relationships Among Development Patterns, Vehicle Miles Traveled, and Energy Consumption",0.995,MATCHED,exact ISBN; title=0.23; author=0.00; publisher=0.27; year=exact; runner_up=0.00; margin=0.99,"[{""work_key"": ""/works/OL15596836W"", ""title"": ""Driving and the built environment"", ""author"": [""National Research Council (U.S.). Committee for the Study on the Relationships Among Development Patterns, Vehicle Miles Traveled, and Energy Consumption""], ""score"": 0.995}]",
Teoria DOTS,5 DOT y planeación urbana (Gregor Wessels)/Teoria DOTS/TODandEmploymentFINALMay2011.pdf,TODandEmploymentFINALMay2011.pdf,Transit-Oriented Development (TOD) and Employment,Dena Belzer; Sujata Srivastava; Jeff Wood; Ellen Greenberg,,,,,,2011,Center for Transit-Oriented Development,/works/OL45930610W,/books/OL62489605M,Urban transformation,Ronald A. Altoon,1.000,APPROVED,Created after explicit create_record=YES review,"[{""work_key"": ""/works/OL32094957W"", ""title"": ""Urban transformation"", ""author"": [""Ronald A. Altoon""], ""score"": 0.394}]",YES
Teoria DOTS,5 DOT y planeación urbana (Gregor Wessels)/Teoria DOTS/WB TOD 113822-REVISED-4-17-MAIN-3Vapproach-orginal-Enhanc1.pdf,WB TOD 113822-REVISED-4-17-MAIN-3Vapproach-orginal-Enhanc1.pdf,Transforming the Urban Space through Transit-Oriented Development: The 3V Approach,Serge Salat; Gerald Ollivier,,,,,,2017,World Bank,/works/OL45930611W,/books/OL62489606M,,,1.000,APPROVED,Created after explicit create_record=YES review,,YES
Teoria DOTS,5 DOT y planeación urbana (Gregor Wessels)/Teoria DOTS/World Bank transit book 2013.pdf,World Bank transit book 2013.pdf,Sustainable Urban Development,3.0) http://creativecommons.org/licenses/by/3.0. Under the Creative Commons Attribution,,9780821397459,10.1596/978-0-8213-9745-9,,,2013,THE WORLD BANK,/works/OL27350490W,/books/OL37156320M,Transforming Cities with Transit,Hiroaki Suzuki; Robert Cervero; Kanako Luchi,0.995,MATCHED,exact ISBN; title=0.30; author=0.14; publisher=0.54; year=exact; runner_up=0.00; margin=0.99,"[{""work_key"": ""/works/OL27350490W"", ""title"": ""Transforming Cities with Transit"", ""author"": [""Hiroaki Suzuki"", ""Robert Cervero"", ""Kanako Luchi""], ""score"": 0.995}]",
Desarrollo orientado al tranporte sustentable,5 DOT y planeación urbana (Gregor Wessels)/Teoria DOTS/Desarrollo orientado al tranporte sustentable/DOTS_bibliografia_glosario_creditos.pdf,DOTS_bibliografia_glosario_creditos.pdf,Manual: Desarrollo Orientado al Transporte Sustentable (DOTS),Centro de Transporte Sustentable de México A.C.,,,,,,2009,Centro de Transporte Sustentable de México A.C.,/works/OL45930612W,/books/OL62489607M,,,1.000,APPROVED,Created after explicit create_record=YES review,,YES
Desarrollo orientado al tranporte sustentable,5 DOT y planeación urbana (Gregor Wessels)/Teoria DOTS/Desarrollo orientado al tranporte sustentable/DOTS_Quienes_Participan_Agradecimientos.pdf,DOTS_Quienes_Participan_Agradecimientos.pdf,Manual: Desarrollo Orientado al Transporte Sustentable (DOTS),Centro de Transporte Sustentable de México A.C.,,,,,,2009,Centro de Transporte Sustentable de México A.C.,,,,,1.000,PARENT_COMPONENT,The eight local PDFs collectively contain the front matter and numbered sections of one 153-page manual,,YES
Desarrollo orientado al tranporte sustentable,5 DOT y planeación urbana (Gregor Wessels)/Teoria DOTS/Desarrollo orientado al tranporte sustentable/DOTS_seccion1_porque_importante.pdf,DOTS_seccion1_porque_importante.pdf,Manual: Desarrollo Orientado al Transporte Sustentable (DOTS),Centro de Transporte Sustentable de México A.C.,,,,,,2009,Centro de Transporte Sustentable de México A.C.,,,,,1.000,PARENT_COMPONENT,The eight local PDFs collectively contain the front matter and numbered sections of one 153-page manual,,YES
Desarrollo orientado al tranporte sustentable,5 DOT y planeación urbana (Gregor Wessels)/Teoria DOTS/Desarrollo orientado al tranporte sustentable/DOTS_seccion2_a_que_es.pdf,DOTS_seccion2_a_que_es.pdf,Manual: Desarrollo Orientado al Transporte Sustentable (DOTS),Centro de Transporte Sustentable de México A.C.,,,,,,2009,Centro de Transporte Sustentable de México A.C.,,,,,1.000,PARENT_COMPONENT,The eight local PDFs collectively contain the front matter and numbered sections of one 153-page manual,,YES
Desarrollo orientado al tranporte sustentable,5 DOT y planeación urbana (Gregor Wessels)/Teoria DOTS/Desarrollo orientado al tranporte sustentable/DOTS_seccion2_b_que_es.pdf,DOTS_seccion2_b_que_es.pdf,Manual: Desarrollo Orientado al Transporte Sustentable (DOTS),Centro de Transporte Sustentable de México A.C.,,,,,,2009,Centro de Transporte Sustentable de México A.C.,,,,,1.000,PARENT_COMPONENT,The eight local PDFs collectively contain the front matter and numbered sections of one 153-page manual,,YES
Desarrollo orientado al tranporte sustentable,5 DOT y planeación urbana (Gregor Wessels)/Teoria DOTS/Desarrollo orientado al tranporte sustentable/DOTS_seccion3_como_hacer.pdf,DOTS_seccion3_como_hacer.pdf,Manual: Desarrollo Orientado al Transporte Sustentable (DOTS),Centro de Transporte Sustentable de México A.C.,,,,,,2009,Centro de Transporte Sustentable de México A.C.,,,,,1.000,PARENT_COMPONENT,The eight local PDFs collectively contain the front matter and numbered sections of one 153-page manual,,YES
Desarrollo orientado al tranporte sustentable,5 DOT y planeación urbana (Gregor Wessels)/Teoria DOTS/Desarrollo orientado al tranporte sustentable/DOTS_seccion4_hacia_donde_vamos_0.pdf,DOTS_seccion4_hacia_donde_vamos_0.pdf,Manual: Desarrollo Orientado al Transporte Sustentable (DOTS),Centro de Transporte Sustentable de México A.C.,,,,,,2009,Centro de Transporte Sustentable de México A.C.,,,,,1.000,PARENT_COMPONENT,The eight local PDFs collectively contain the front matter and numbered sections of one 153-page manual,,YES
Desarrollo orientado al tranporte sustentable,5 DOT y planeación urbana (Gregor Wessels)/Teoria DOTS/Desarrollo orientado al tranporte sustentable/DOTS_seccion5_anexos.pdf,DOTS_seccion5_anexos.pdf,Manual: Desarrollo Orientado al Transporte Sustentable (DOTS),Centro de Transporte Sustentable de México A.C.,,,,,,2009,Centro de Transporte Sustentable de México A.C.,,,,,1.000,PARENT_COMPONENT,The eight local PDFs collectively contain the front matter and numbered sections of one 153-page manual,,YES
Smart Growth,5 DOT y planeación urbana (Gregor Wessels)/Teoria DOTS/Smart Growth/Driven Apart How sprawl is lengthening our commutes and why misleading mobility measures.pdf,Driven Apart How sprawl is lengthening our commutes and why misleading mobility measures.pdf,Driven Apart: How Sprawl Is Lengthening Our Commutes and Why Misleading Mobility Measures Are Making Things Worse,Joe Cortright,,,,,,2010,CEOs for Cities,/works/OL45930613W,/books/OL62489608M,,,1.000,APPROVED,Created after explicit create_record=YES review,,YES
Smart Growth,5 DOT y planeación urbana (Gregor Wessels)/Teoria DOTS/Smart Growth/LA law to taclke sprawl and global warming.pdf,LA law to taclke sprawl and global warming.pdf,Legislature Takes Aim at Urban Sprawl and Global Warming,Margot Roosevelt,,,,,,2008,Los Angeles Times,,,,,1.000,VERIFIED_NONBOOK,"Local one-page newspaper capture verifies the title, author, newspaper, date of 21 August 2008, and article type; it is not an Open Library book",,
Smart Growth,5 DOT y planeación urbana (Gregor Wessels)/Teoria DOTS/Smart Growth/landuse-globalwarming-GrowingCooler9-18-07small.pdf,landuse-globalwarming-GrowingCooler9-18-07small.pdf,"Reid Ewing, Keith Bartholomew, Steve Winkelman,",Steve Davis,0874200822,9780874200829,,,,2007,Publisher: Urban Land Institute,/works/OL16560037W,/books/OL37141743M,Growing Cooler: The Evidence on Urban Development and Climate Change,Reid H. Ewing; Keith Bartholomew; Steve Winkelman; Jerry Walters; Don Chen,1.000,MATCHED,"Title and authors match the local PDF; the PDF's printed ISBN-13 ends in 2 and fails checksum, while the verified print ISBN-13 ends in 9",,
Smart Growth,5 DOT y planeación urbana (Gregor Wessels)/Teoria DOTS/Smart Growth/smart growth - economic_success.pdf,smart growth - economic_success.pdf,"Smart Growth and Economic Success: Benefits for Real Estate Developers, Investors, Businesses, and Local Governments","United States Environmental Protection Agency, Office of Sustainable Communities",,,,,,2012,United States Environmental Protection Agency,/works/OL45930614W,/books/OL62489609M,,,1.000,APPROVED,Created after explicit create_record=YES review,,YES
Smart Growth,5 DOT y planeación urbana (Gregor Wessels)/Teoria DOTS/Smart Growth/Smart Growth vs travel demand - SHRP2_S2-C16-RR-1.pdf,Smart Growth vs travel demand - SHRP2_S2-C16-RR-1.pdf,Effect of Smart Growth Policies on Travel Demand,Maren Outwater; Colin Smith; Jerry Walters; Brian Welch; Robert Cervero; Kara M. Kockelman; J. Richard Kuzmyak,,9780309272889,,,,2014,Transportation Research Board,/works/OL45930615W,/books/OL62489610M,,,1.000,APPROVED,Created after explicit create_record=YES review,,YES
Smart Growth,5 DOT y planeación urbana (Gregor Wessels)/Teoria DOTS/Smart Growth/Smart-growth-this-is-smart-growth.pdf,Smart-growth-this-is-smart-growth.pdf,This Is Smart Growth,The Smart Growth Network,,,,,2007361835,1995,Any individual or organization interested in ﬁ nd-,/works/OL24074484W,/books/OL16240459M,This is smart growth,United States. Environmental Protection Agency.; Smart Growth Network.,0.938,MATCHED,Library of Congress identifier and metadata resolved to an existing Open Library Work,,
Smart Growth,5 DOT y planeación urbana (Gregor Wessels)/Teoria DOTS/Smart Growth/Smart_Growth-econdev.pdf,Smart_Growth-econdev.pdf,"Economic Development and Smart Growth: 8 Case Studies on the Connections Between Smart Growth Development and Jobs, Wealth, and Quality of Life in Communities",Alex Iams; Pearl Kaplan,,,,,,2006,International Economic Development Council,/works/OL45930616W,/books/OL62489611M,Transit-oriented development opportunities,Andrew Nolan Greene,1.000,APPROVED,Created after explicit create_record=YES review,"[{""work_key"": ""/works/OL33213259W"", ""title"": ""Transit-oriented development opportunities"", ""author"": [""Andrew Nolan Greene""], ""score"": 0.596}, {""work_key"": ""/works/OL13621195W"", ""title"": ""Transit-oriented development and household travel"", ""author"": [""Dan Chatman""], ""score"": 0.589}, {""work_key"": ""/works/OL17002901W"", ""title"": ""New places, new choices"", ""author"": [], ""score"": 0.12}]",YES
Smart Growth,5 DOT y planeación urbana (Gregor Wessels)/Teoria DOTS/Smart Growth/Sprawling Cities Getting Hotter.pdf,Sprawling Cities Getting Hotter.pdf,Sprawling Cities Getting Hotter Faster,OurAmazingPlanet Staff,,,,,,2010,OurAmazingPlanet,,,,,1.000,VERIFIED_NONBOOK,"Local two-page web capture and Live Science archive verify the title, corporate byline, publication, date of 23 June 2010, and article type; it is not an Open Library book",,
Smart Growth,5 DOT y planeación urbana (Gregor Wessels)/Teoria DOTS/Smart Growth/TRB-smart_growth_guide.pdf,TRB-smart_growth_guide.pdf,Smart Growth: A Guide to Developing and Implementing Greenhouse Gas Reduction Programs,United States Environmental Protection Agency,,,,,,2010,United States Environmental Protection Agency,/works/OL45930617W,/books/OL62489613M,,,1.000,APPROVED,Created after explicit create_record=YES review,,YES
