local_work_id,local_folders,local_pdf_count,canonical_title,canonical_author,canonical_publisher,canonical_year,document_type,verification_status,ol_work_key,external_url,primary_identifier_type,primary_identifier,openlibrary_eligibility,preparation_status,missing_metadata,suggested_queries,notes
OLP-6DB7EA4A07773151,DOTS Europa & Estados Unidos,1,The reshaping of land use and urban form in Denver through transit-oriented development,Keith A. Ratner; Andrew R. Goetz,Elsevier BV,2013,journal-article,VERIFIED_EXTERNAL,,https://doi.org/10.1016/j.cities.2012.08.007,doi,10.1016/j.cities.2012.08.007,OUTSIDE_BOOK_CATALOG_SCOPE,KEEP_EXTERNAL_OR_LOCAL,,"""The reshaping of land use and urban form in Denver through transit-oriented development"" | ""The reshaping of land use and urban form in Denver through transit-oriented development"" ""Keith A. Ratner""",DOI metadata verifies a non-book publication; do not create it as an Open Library book
OLP-F47CC86BC598669A,DOTS Asia,1,Establishing the conditions for effective transit-oriented development in China: the case of Dalian,Rui Mu; Martin de Jong,Elsevier BV,2012,journal-article,VERIFIED_EXTERNAL,,https://doi.org/10.1016/j.jtrangeo.2012.02.010,doi,10.1016/j.jtrangeo.2012.02.010,OUTSIDE_BOOK_CATALOG_SCOPE,KEEP_EXTERNAL_OR_LOCAL,,"""Establishing the conditions for effective transit-oriented development in China: the case of Dalian"" | ""Establishing the conditions for effective transit-oriented development in China: the case of Dalian"" ""Rui Mu""",DOI metadata verifies a non-book publication; do not create it as an Open Library book
OLP-8A78778A1392DEDD,Captura de valor,1,Capitalization of BRT network expansions effects into prices of non-expansion areas,Daniel A. Rodríguez; Carlos H. Mojica,Elsevier BV,2009,journal-article,VERIFIED_EXTERNAL,,https://doi.org/10.1016/j.tra.2009.02.003,doi,10.1016/j.tra.2009.02.003,OUTSIDE_BOOK_CATALOG_SCOPE,KEEP_EXTERNAL_OR_LOCAL,,"""Capitalization of BRT network expansions effects into prices of non-expansion areas"" | ""Capitalization of BRT network expansions effects into prices of non-expansion areas"" ""Daniel A. Rodríguez""",DOI metadata verifies a non-book publication; do not create it as an Open Library book
OLP-8AD090A8A0C9E528,Captura de valor,1,"Walking accessibility to bus rapid transit: Does it affect property values? The case of Bogotá, Colombia",Ramon Munoz-Raskin,Elsevier BV,2010,journal-article,VERIFIED_EXTERNAL,,https://doi.org/10.1016/j.tranpol.2009.11.002,doi,10.1016/j.tranpol.2009.11.002,OUTSIDE_BOOK_CATALOG_SCOPE,KEEP_EXTERNAL_OR_LOCAL,,"""Walking accessibility to bus rapid transit: Does it affect property values? The case of Bogotá, Colombia"" | ""Walking accessibility to bus rapid transit: Does it affect property values? The case of Bogotá, Colombia"" ""Ramon Munoz-Raskin""",DOI metadata verifies a non-book publication; do not create it as an Open Library book
OLP-0FCF4A92675AB64E,DOTS América Latina,1,Transit-oriented development and gentrification: a systematic review,Miguel Padeiro; Ana Louro; Nuno Marques da Costa,Informa UK Limited,2019,journal-article,VERIFIED_EXTERNAL,,https://doi.org/10.1080/01441647.2019.1649316,doi,10.1080/01441647.2019.1649316,OUTSIDE_BOOK_CATALOG_SCOPE,KEEP_EXTERNAL_OR_LOCAL,,"""Transit-oriented development and gentrification: a systematic review"" | ""Transit-oriented development and gentrification: a systematic review"" ""Miguel Padeiro""",DOI metadata verifies a non-book publication; do not create it as an Open Library book
OLP-E4865A5A59DD2880,Captura de valor,1,A methodological proposal to estimate changes of residential property value: case study developed in Bogotá,Jorge A. Perdomo,Informa UK Limited,2011,journal-article,VERIFIED_EXTERNAL,,https://doi.org/10.1080/13504851.2011.554360,doi,10.1080/13504851.2011.554360,OUTSIDE_BOOK_CATALOG_SCOPE,KEEP_EXTERNAL_OR_LOCAL,,"""A methodological proposal to estimate changes of residential property value: case study developed in Bogotá"" | ""A methodological proposal to estimate changes of residential property value: case study developed in Bogotá"" ""Jorge A. Perdomo""",DOI metadata verifies a non-book publication; do not create it as an Open Library book
OLP-2B74183125A5B44B,DOTS América Latina,1,Transportation Oriented Development Method: literature review,Julio Vega; Robinson Balcázar; Xavier Guerra,IOP Publishing,2023,journal-article,VERIFIED_EXTERNAL,,https://doi.org/10.1088/1755-1315/1141/1/012002,doi,10.1088/1755-1315/1141/1/012002,OUTSIDE_BOOK_CATALOG_SCOPE,KEEP_EXTERNAL_OR_LOCAL,,"""Transportation Oriented Development Method: literature review"" | ""Transportation Oriented Development Method: literature review"" ""Julio Vega""",DOI metadata verifies a non-book publication; do not create it as an Open Library book
OLP-394BD7E184699A63,Captura de valor,1,Land value capture mechanisms in Hong Kong and Singapore,Eddie Chi‐Man Hui; Vivian Sze‐Mun Ho; David Kim‐Hin Ho,Emerald,2004,journal-article,VERIFIED_EXTERNAL,,https://doi.org/10.1108/14635780410525153,doi,10.1108/14635780410525153,OUTSIDE_BOOK_CATALOG_SCOPE,KEEP_EXTERNAL_OR_LOCAL,,"""Land value capture mechanisms in Hong Kong and Singapore"" | ""Land value capture mechanisms in Hong Kong and Singapore"" ""Eddie Chi‐Man Hui""",DOI metadata verifies a non-book publication; do not create it as an Open Library book
OLP-9E1735A37AC794F1,Captura de valor,1,Financing Transit Systems Through Value Capture,Jeffery J. Smith; Thomas A. Gihring,Wiley,2006,journal-article,VERIFIED_EXTERNAL,,https://doi.org/10.1111/j.1536-7150.2006.00474.x,doi,10.1111/j.1536-7150.2006.00474.x,OUTSIDE_BOOK_CATALOG_SCOPE,KEEP_EXTERNAL_OR_LOCAL,,"""Financing Transit Systems Through Value Capture"" | ""Financing Transit Systems Through Value Capture"" ""Jeffery J. Smith""",Near-exact long-title search recovered authoritative Crossref DOI metadata for a non-book publication
OLP-5CCF7F50FA036425,DOTS América Latina,1,"Estaciones como nodos y lugares: el potencial del tren para el desarrollo urbano orientado al transporte en Santiago, Chile",Giovanni Vecchio,Universidad del Bio Bio,2021,journal-article,VERIFIED_EXTERNAL,,https://doi.org/10.22320/07183607.2021.24.43.08,doi,10.22320/07183607.2021.24.43.08,OUTSIDE_BOOK_CATALOG_SCOPE,KEEP_EXTERNAL_OR_LOCAL,,"""Estaciones como nodos y lugares: el potencial del tren para el desarrollo urbano orientado al transporte en Santiago, Chile"" | ""Estaciones como nodos y lugares: el potencial del tren para el desarrollo urbano orientado al transporte en Santiago, Chile"" ""Giovanni Vecchio""",DOI metadata verifies a non-book publication; do not create it as an Open Library book
OLP-FF64695BFF73641D,DOTS América Latina,1,"Factores determinantes de la relación entre la localización de las empresas, la dinámica del transporte público tipo BRT y el desarrollo urbano",Diego Rafael Roberto Cabrera-Moya,"El Colegio de Mexico, A.C.",2022,journal-article,VERIFIED_EXTERNAL,,https://doi.org/10.24201/edu.v37i3.2048,doi,10.24201/edu.v37i3.2048,OUTSIDE_BOOK_CATALOG_SCOPE,KEEP_EXTERNAL_OR_LOCAL,,"""Factores determinantes de la relación entre la localización de las empresas, la dinámica del transporte público tipo BRT y el desarrollo urbano"" | ""Factores determinantes de la relación entre la localización de las empresas, la dinámica del transporte público tipo BRT y el desarrollo urbano"" ""Diego Rafael Roberto Cabrera-Moya""",DOI metadata verifies a non-book publication; do not create it as an Open Library book
OLP-222CEE8A9EDED40C,DOTS Colombia,1,A SPATIO-TEMPORAL VISUAL ANALYTICS TOOL FOR SIMULATED TRANSPORT ORIENTED-LAND USE URBAN PLANNING DATA,,Copernicus GmbH,2022,journal-article,VERIFIED_EXTERNAL,,https://doi.org/10.5194/isprs-archives-xlviii-4-w5-2022-113-2022,doi,10.5194/isprs-archives-XLVIII-4-W5-2022-113-2022,OUTSIDE_BOOK_CATALOG_SCOPE,KEEP_EXTERNAL_OR_LOCAL,author/responsible organization,"""A SPATIO-TEMPORAL VISUAL ANALYTICS TOOL FOR SIMULATED TRANSPORT ORIENTED-LAND USE URBAN PLANNING DATA""",DOI metadata verifies a non-book publication; do not create it as an Open Library book
OLP-2105907BF1D027D1,DOTS América Latina,1,Bus rapid transit impacts on land uses and development over time in Bogotá and Quito,C. Erik Vergel-Tovar; Daniel A. Rodriguez,Center for Transportation Studies,2022,journal-article,VERIFIED_EXTERNAL,,https://doi.org/10.5198/jtlu.2022.1888,doi,10.5198/jtlu.2022.1888,OUTSIDE_BOOK_CATALOG_SCOPE,KEEP_EXTERNAL_OR_LOCAL,,"""Bus rapid transit impacts on land uses and development over time in Bogotá and Quito"" | ""Bus rapid transit impacts on land uses and development over time in Bogotá and Quito"" ""C. Erik Vergel-Tovar""",Near-exact long-title search recovered authoritative Crossref DOI metadata for a non-book publication
OLP-AFAB59165588CEBC,DOTS América Latina,1,Valoración del entorno de una estación ferroviaria inactiva mediante estándar DOT: avance metodológico para el caso del Gran Santa Fe (Argentina),María Alejandra Saus; Andrés Ignacio Aguirre,Universitat Politècnica de Catalunya,2022,proceedings-article,VERIFIED_EXTERNAL,,https://doi.org/10.5821/siiu.10156,doi,10.5821/siiu.10156,OUTSIDE_BOOK_CATALOG_SCOPE,KEEP_EXTERNAL_OR_LOCAL,,"""Valoración del entorno de una estación ferroviaria inactiva mediante estándar DOT: avance metodológico para el caso del Gran Santa Fe (Argentina)"" | ""Valoración del entorno de una estación ferroviaria inactiva mediante estándar DOT: avance metodológico para el caso del Gran Santa Fe (Argentina)"" ""María Alejandra Saus""",DOI metadata verifies a non-book publication; do not create it as an Open Library book
OLP-D0DCBDFD40A25E71,DOTS América Latina,1,"Entorno urbano, densidad poblacional y uso del Sistema de Autobuses de Transporte Rápido en Quito",Alba Núñez,Pontificia Universidad Catolica de Chile,2023,journal-article,VERIFIED_EXTERNAL,,https://doi.org/10.7764/eure.49.148.11,doi,10.7764/eure.49.148.11,OUTSIDE_BOOK_CATALOG_SCOPE,KEEP_EXTERNAL_OR_LOCAL,,"""Entorno urbano, densidad poblacional y uso del Sistema de Autobuses de Transporte Rápido en Quito"" | ""Entorno urbano, densidad poblacional y uso del Sistema de Autobuses de Transporte Rápido en Quito"" ""Alba Núñez""",DOI metadata verifies a non-book publication; do not create it as an Open Library book
OLP-71588BA9FADC3293,DOTS Europa & Estados Unidos,1,"Applying DOT's Rail Policy to Washington, D.C.'s Metrorail System Could Save Federal Funds",United States General Accounting Office,United States General Accounting Office,1983,report,MATCHED,/works/OL10729940W,https://www.gao.gov/assets/122342.pdf,openlibrary_work,/works/OL10729940W,ELIGIBLE,READY_TO_LIST,,"""Applying DOT's Rail Policy to Washington, D.C.'s Metrorail System Could Save Federal Funds"" | ""Applying DOT's Rail Policy to Washington, D.C.'s Metrorail System Could Save Federal Funds"" ""United States General Accounting Office""","Official GAO publications catalog verifies the canonical title, report number GAO/RCED-83-24, responsible organization, and publication date of 12 January 1983"
OLP-CC8F084DD3C010C8,Planeación territorial,1,Driving and the built environment,,"Academy of Sciences, the National Academy of Engineering, and the Institute of Medicine. The",2009,book,MATCHED,/works/OL15596836W,,openlibrary_work,/works/OL15596836W,ELIGIBLE,READY_TO_LIST,author/responsible organization,"""Driving and the built environment""",
OLP-F5E0D959F74918D5,Smart Growth,1,Growing Cooler: The Evidence on Urban Development and Climate Change,Reid H. Ewing; Keith Bartholomew; Steve Winkelman; Jerry Walters; Don Chen,Urban Land Institute,2008,book,MATCHED,/works/OL16560037W,https://books.google.com/books/about/Growing_Cooler.html?id=5cskAQAAMAAJ,openlibrary_work,/works/OL16560037W,ELIGIBLE,READY_TO_LIST,,"""Growing Cooler: The Evidence on Urban Development and Climate Change"" | ""Growing Cooler: The Evidence on Urban Development and Climate Change"" ""Reid H. Ewing""","Title and authors match the local PDF; the PDF's printed ISBN-13 ends in 2 and fails checksum, while the verified print ISBN-13 ends in 9"
OLP-CE42BA927A24C8A1,Captura de valor,2,Financing Transit-Oriented Development with Land Values: Adapting Land Value Capture in Developing Countries,Hiroaki Suzuki; Jin Murakami; Yu-Hung Hong; Beth Tamayose,The World Bank,2015,book,MATCHED,/works/OL22324214W,https://doi.org/10.1596/978-1-4648-0149-5,openlibrary_work,/works/OL22324214W,ELIGIBLE,READY_TO_LIST,,"""Financing Transit-Oriented Development with Land Values: Adapting Land Value Capture in Developing Countries"" | ""Financing Transit-Oriented Development with Land Values: Adapting Land Value Capture in Developing Countries"" ""Hiroaki Suzuki""",Exact DOI metadata led to Open Library via ISBN
OLP-74079746AA6C346B,Captura de valor,1,"Planning, connecting, and financing cities--now",Somik V. Lall,the World Bank’s Urbanization,2013,journal-article,MATCHED,/works/OL23221866W,,openlibrary_work,/works/OL23221866W,ELIGIBLE,READY_TO_LIST,,"""Planning, connecting, and financing cities--now"" | ""Planning, connecting, and financing cities--now"" ""Somik V. Lall""",
OLP-E86B2F0A2638878F,Smart Growth,1,This is smart growth,United States. Environmental Protection Agency.; Smart Growth Network.,U.S. Environmental Protection Agency,2006,book,MATCHED,/works/OL24074484W,https://lccn.loc.gov/2007361835,openlibrary_work,/works/OL24074484W,ELIGIBLE,READY_TO_LIST,,"""This is smart growth"" | ""This is smart growth"" ""United States. Environmental Protection Agency.""",Library of Congress identifier and metadata resolved to an existing Open Library Work
OLP-85ED539CECC428C7,Teoria DOTS,1,Transforming Cities with Transit,Hiroaki Suzuki; Robert Cervero; Kanako Luchi,THE WORLD BANK,2013,journal-article,MATCHED,/works/OL27350490W,,openlibrary_work,/works/OL27350490W,ELIGIBLE,READY_TO_LIST,,"""Transforming Cities with Transit"" | ""Transforming Cities with Transit"" ""Hiroaki Suzuki""",
OLP-604DD9D9B0AC494F,Captura de valor,1,"Public Transportation: Federal Role in Value Capture Strategies for Transit Is Limited, but Additional Guidance Could Help Clarify Policies",United States Government Accountability Office,United States Government Accountability Office,2010,report,MATCHED,/works/OL32187232W,https://www.gao.gov/products/gao-10-781,openlibrary_work,/works/OL32187232W,ELIGIBLE,READY_TO_LIST,,"""Public Transportation: Federal Role in Value Capture Strategies for Transit Is Limited, but Additional Guidance Could Help Clarify Policies"" | ""Public Transportation: Federal Role in Value Capture Strategies for Transit Is Limited, but Additional Guidance Could Help Clarify Policies"" ""United States Government Accountability Office""","Official GAO product record verifies title, report number GAO-10-781, responsible organization, publication date, and 55-page report format"
OLP-8626997ABCDFB9BA,Captura de valor,1,Instrumentos de financiación del desarrollo urbano en Colombia: la contribución por valorización y la participación en plusvalías. Lecciones y reflexiones,Patricia Acosta Restrepo,Universidad del Rosario,2010,article,VERIFIED_NONBOOK,,https://revistas.urosario.edu.co/index.php/desafios/article/view/1289,doi,10.12804/revistas.urosario.edu.co/desafios/a.1289,OUTSIDE_BOOK_CATALOG_SCOPE,KEEP_EXTERNAL_OR_LOCAL,,"""Instrumentos de financiación del desarrollo urbano en Colombia: la contribución por valorización y la participación en plusvalías. Lecciones y reflexiones"" | ""Instrumentos de financiación del desarrollo urbano en Colombia: la contribución por valorización y la participación en plusvalías. Lecciones y reflexiones"" ""Patricia Acosta Restrepo""","Official journal and university research records verify the canonical title, author, year, journal issue, pages, publisher, and DOI"
OLP-107AD4B268EAD126,Captura de valor,1,Policy Learning: New Challenges for Smart Value Capture in Colombia,Patricia Acosta,Massachusetts Institute of Technology,2008,dissertation,CREATE_CANDIDATE,,https://hdl.handle.net/1721.1/44373,url,https://hdl.handle.net/1721.1/44373,ELIGIBLE_BOOKLIKE,READY_FOR_IMPORT_PREVIEW,,"""Policy Learning: New Challenges for Smart Value Capture in Colombia"" | ""Policy Learning: New Challenges for Smart Value Capture in Colombia"" ""Patricia Acosta""","MIT thesis metadata and the thesis title page verify the canonical title, author, institution, degree, and May 2008 date"
OLP-E95272A13E76C8F1,Captura de valor,1,Value Capture from Transit-Oriented Development and Other Transportation Interchanges,African Development Economic Consultants; BKS Engineers,Urban LandMark,2010,consultant-report,CREATE_CANDIDATE,,https://www.citiesalliance.org/sites/default/files/value_capture_transit.pdf,url,https://www.citiesalliance.org/sites/default/files/value_capture_transit.pdf,ELIGIBLE_BOOKLIKE,READY_FOR_IMPORT_PREVIEW,,"""Value Capture from Transit-Oriented Development and Other Transportation Interchanges"" | ""Value Capture from Transit-Oriented Development and Other Transportation Interchanges"" ""African Development Economic Consultants""","Cities Alliance-hosted report and Urban LandMark learning materials verify the canonical title, corporate authors, commissioning publisher, 2009-2010 study period, and consultant-report format"
OLP-FA52DE6F26DB5017,Captura de valor,1,Las diferencias en la aplicación de instrumentos de planificación y,Fabián Alberto Díaz; Vanessa Velasco Bernal,Associação Nacional de Pós-Graduação e Pesquisa em Planejamento Urbano e Regional (ANPUR),2011,proceedings-article,VERIFIED_NONBOOK,,https://anpur.org.br/site/anais/ena14/ARQUIVOS/GT1-1133-756-20110106190706.pdf,url,https://anpur.org.br/site/anais/ena14/ARQUIVOS/GT1-1133-756-20110106190706.pdf,OUTSIDE_BOOK_CATALOG_SCOPE,KEEP_EXTERNAL_OR_LOCAL,,"""Las diferencias en la aplicación de instrumentos de planificación y"" | ""Las diferencias en la aplicación de instrumentos de planificación y"" ""Fabián Alberto Díaz""","Paper in the anais of the XIV Encontro Nacional da ANPUR, Rio de Janeiro, May 2011; the official ANPUR PDF was downloaded and prints exactly the same truncated title ending in 'y', so the printed title is reproduced verbatim rather than reconstructed; a conference paper, not an Open Library book"
OLP-CEFD6255E5CA8AAB,DOTS América Latina,1,Implementación del desarrollo orientado al transporte público en la Gran Área Metropolitana utilizando el tren urbano,Enoc Adolfo Araya Porras,Universidad de Costa Rica,2022,dissertation,CREATE_CANDIDATE,,https://hdl.handle.net/10669/87649,url,https://hdl.handle.net/10669/87649,ELIGIBLE_BOOKLIKE,READY_FOR_IMPORT_PREVIEW,,"""Implementación del desarrollo orientado al transporte público en la Gran Área Metropolitana utilizando el tren urbano"" | ""Implementación del desarrollo orientado al transporte público en la Gran Área Metropolitana utilizando el tren urbano"" ""Enoc Adolfo Araya Porras""","Official Universidad de Costa Rica repository and local thesis title page verify the canonical title, author, institution, year, degree, and repository identifier"
OLP-271A3923F43E58F6,DOTS América Latina,1,Improving Coordination of Transportation and Land-Use Planning in Latin American Cities: overcoming the barriers,Arturo Ardila,"Universidad de los Andes, Transportation Studies Group",2006,presentation,VERIFIED_NONBOOK,,,local_work,OLP-271A3923F43E58F6,OUTSIDE_BOOK_CATALOG_SCOPE,KEEP_EXTERNAL_OR_LOCAL,,"""Improving Coordination of Transportation and Land-Use Planning in Latin American Cities: overcoming the barriers"" | ""Improving Coordination of Transportation and Land-Use Planning in Latin American Cities: overcoming the barriers"" ""Arturo Ardila""","Slide deck presented at Clean Air in Latin America, São Paulo, 2006; slide 1 verifies the title, the author and the Transportation Studies Group at Universidad de los Andes, and every slide footer repeats the event and year; no public archive copy was located, and slides are not an Open Library book"
OLP-22E6A75FA2052F64,Atlas de Accesibilidad y Conectividad,5,Atlas de Accesibilidad y Conectividad de la Zona Metropolitana del Valle de México,Centro de Transporte Sustentable de México A.C.,Centro de Transporte Sustentable de México A.C.,2010,report,PARENT_COMPONENT,,https://wrimexico.org/sites/default/files/Informe%20Institucional%20WRI.pdf,url,https://wrimexico.org/sites/default/files/Informe%20Institucional%20WRI.pdf,ELIGIBLE_BOOKLIKE,READY_FOR_IMPORT_PREVIEW,,"""Atlas de Accesibilidad y Conectividad de la Zona Metropolitana del Valle de México"" | ""Atlas de Accesibilidad y Conectividad de la Zona Metropolitana del Valle de México"" ""Centro de Transporte Sustentable de México A.C.""",The five local PDFs are named sections of one verified parent atlas; do not treat them as five books
OLP-932A761B1468DA4F,Bogota 21 Transit-oriented Metropolis,3,"Bogotá 21: Towards a World-Class, Transit-Oriented Metropolis",Gregor Wessels; Carlos Felipe Pardo; Juan Pablo Bocarejo,Fundación Despacio,2012,report,CREATE_CANDIDATE,,https://despacio.org/wp-content/uploads/2012/10/Bogota-21-english.pdf,isbn_13,9789585767409,ELIGIBLE_BOOKLIKE,READY_FOR_IMPORT_PREVIEW,,"""Bogotá 21: Towards a World-Class, Transit-Oriented Metropolis"" | ""Bogotá 21: Towards a World-Class, Transit-Oriented Metropolis"" ""Gregor Wessels""",Full English publication; ISBN and coordinating lead authors verified on the copyright page | Full Spanish language edition of the same intellectual work; ISBN and authors verified in the local PDF | Byte-identical local PDF; verified metadata links it to the same intellectual work
OLP-96C978E03B2B52BD,Carto,1,CG-7 Actuaciones Estratégicas,Secretaría Distrital de Planeación de Bogotá,Secretaría Distrital de Planeación de Bogotá,2021,map,VERIFIED_NONBOOK,,https://concejodebogota.gov.co/consulte-aqui-los-documentos-radicados-por-la-administracion-distrital/cbogota/2021-09-11/121910.php,url,https://concejodebogota.gov.co/consulte-aqui-los-documentos-radicados-por-la-administracion-distrital/cbogota/2021-09-11/121910.php,OUTSIDE_BOOK_CATALOG_SCOPE,KEEP_EXTERNAL_OR_LOCAL,,"""CG-7 Actuaciones Estratégicas"" | ""CG-7 Actuaciones Estratégicas"" ""Secretaría Distrital de Planeación de Bogotá""","Official POT map/document, not a book"
OLP-677C7DA09DD3A7D4,Proyectos DOTS,1,Resolución 0958 de 2023: Directrices para la formulación de la Actuación Estratégica Chucua La Vaca,Secretaría Distrital de Planeación de Bogotá,Secretaría Distrital de Planeación de Bogotá,2023,legal-document,VERIFIED_NONBOOK,,,local_work,OLP-677C7DA09DD3A7D4,OUTSIDE_BOOK_CATALOG_SCOPE,KEEP_EXTERNAL_OR_LOCAL,,"""Resolución 0958 de 2023: Directrices para la formulación de la Actuación Estratégica Chucua La Vaca"" | ""Resolución 0958 de 2023: Directrices para la formulación de la Actuación Estratégica Chucua La Vaca"" ""Secretaría Distrital de Planeación de Bogotá""",Official administrative resolution verified visually on the local first page; not a book
OLP-1BB1281209DDE5A8,Captura de valor,1,The Effects of Land Policy on Urban Land Prices in Bogotá,Oscar Borrero,Lincoln Institute of Land Policy,2007,working-paper,CREATE_CANDIDATE,,https://www.lincolninst.edu/publications/working-papers/effects-land-policy-urban-land-prices-bogota/,url,https://www.lincolninst.edu/publications/working-papers/effects-land-policy-urban-land-prices-bogota/,ELIGIBLE_BOOKLIKE,READY_FOR_IMPORT_PREVIEW,,"""The Effects of Land Policy on Urban Land Prices in Bogotá"" | ""The Effects of Land Policy on Urban Land Prices in Bogotá"" ""Oscar Borrero""","Official Lincoln Institute working-paper page verifies the canonical title, author, publisher, September 2007 date, language, and pagination"
OLP-CB3DFDBF714E54AE,Captura de valor; DOTS América Latina,2,"Creación y captura de valor para el desarrollo de proyectos de transporte: Informe 3, informe final",Infratrans Consultancy LAC SAS; Juan Felipe Pinilla Pineda,CAF,2014,consultant-report,CREATE_CANDIDATE,,https://scioteca.caf.com/handle/123456789/1404,isbn_13,9789804221279,ELIGIBLE_BOOKLIKE,READY_FOR_IMPORT_PREVIEW,,"""Creación y captura de valor para el desarrollo de proyectos de transporte: Informe 3, informe final"" | ""Creación y captura de valor para el desarrollo de proyectos de transporte: Informe 3, informe final"" ""Infratrans Consultancy LAC SAS""","Local consultant-report title page verifies the June 2014 version; it is the earlier final project report underlying the verified 2019 CAF book, so it is grouped as an alternate edition of the same intellectual work | Official CAF repository metadata and the publication copyright page verify canonical title, authors, publisher, year, document type, and checksum-valid ISBN"
OLP-5E5D407E1AAC85B5,DOTS Colombia,1,"Potencial del Desarrollo Orientado al Transporte como transformador urbano. Caso de estudio: Transmilenio, Bogotá, Colombia, 2019",Paola M. Cavadía Álvarez,Universitat de Barcelona,2019,dissertation,CREATE_CANDIDATE,,https://hdl.handle.net/2445/140558,url,https://hdl.handle.net/2445/140558,ELIGIBLE_BOOKLIKE,READY_FOR_IMPORT_PREVIEW,,"""Potencial del Desarrollo Orientado al Transporte como transformador urbano. Caso de estudio: Transmilenio, Bogotá, Colombia, 2019"" | ""Potencial del Desarrollo Orientado al Transporte como transformador urbano. Caso de estudio: Transmilenio, Bogotá, Colombia, 2019"" ""Paola M. Cavadía Álvarez""","Treball de fi de màster for the Màster en Planificació Territorial i Gestió Ambiental, Universitat de Barcelona through the Centro Universitario Internacional de Barcelona (UNIBA), tutor Verónica I. Quiroz López; the UB repository record at handle 2445/140558 (file TFM_Cavadia_Paola.pdf) matches the local PDF, whose cover is dated Barcelona, 30 July 2019"
OLP-59D9B227F6C05028,Recomendaciones de política- DOTS,1,Formulación de los lineamientos y recomendaciones de política para la implementación de iniciativas de Desarrollo Orientado al Transporte Sostenible (DOTS) en Colombia: presentación general del proyecto,Consorcio SIGMA Gestión de Proyectos – Despacio,Consorcio SIGMA Gestión de Proyectos – Despacio,2020,presentation,VERIFIED_NONBOOK,,https://despacio.org/portfolio/lineamientos-para-una-politica-nacional-dots/,url,https://despacio.org/portfolio/lineamientos-para-una-politica-nacional-dots/,OUTSIDE_BOOK_CATALOG_SCOPE,KEEP_EXTERNAL_OR_LOCAL,,"""Formulación de los lineamientos y recomendaciones de política para la implementación de iniciativas de Desarrollo Orientado al Transporte Sostenible (DOTS) en Colombia: presentación general del proyecto"" | ""Formulación de los lineamientos y recomendaciones de política para la implementación de iniciativas de Desarrollo Orientado al Transporte Sostenible (DOTS) en Colombia: presentación general del proyecto"" ""Consorcio SIGMA Gestión de Proyectos – Despacio""","Slide deck dated October 2020 carrying the '© Copyright CONSORCIO SIGMA GP - DESPACIO 2020' line on every slide; a project presentation, not an Open Library book"
OLP-CE01BCC2388CDD0E,Captura de valor,1,Insumos para la aplicación de Certificados de Potencial Adicional de Construcción en la ciudad de Cali,Tito Yepes; Juan Carlos Junca; Juliana Aguilar; Sebastián Martínez,Fedesarrollo,2013,report,CREATE_CANDIDATE,,https://ideas.repec.org/p/col/000124/012155.html,url,https://ideas.repec.org/p/col/000124/012155.html,ELIGIBLE_BOOKLIKE,READY_FOR_IMPORT_PREVIEW,,"""Insumos para la aplicación de Certificados de Potencial Adicional de Construcción en la ciudad de Cali"" | ""Insumos para la aplicación de Certificados de Potencial Adicional de Construcción en la ciudad de Cali"" ""Tito Yepes""","RePEc and the Fedesarrollo repository verify the full report title, authors, year, and publisher"
OLP-9B101C515AEDDC0F,Proyectos DOTS,1,NS-127 – Colombia TOD NAMA: NAMA seeking support for implementation,Findeter; Center for Clean Air Policy,United Nations Framework Convention on Climate Change,2015,registry-record,VERIFIED_NONBOOK,,https://www4.unfccc.int/sites/PublicNAMA/_layouts/un/fccc/nama/NamaSeekingSupportForImplementation.aspx?ID=67,url,https://www4.unfccc.int/sites/PublicNAMA/_layouts/un/fccc/nama/NamaSeekingSupportForImplementation.aspx?ID=67,OUTSIDE_BOOK_CATALOG_SCOPE,KEEP_EXTERNAL_OR_LOCAL,,"""NS-127 – Colombia TOD NAMA: NAMA seeking support for implementation"" | ""NS-127 – Colombia TOD NAMA: NAMA seeking support for implementation"" ""Findeter""","Print-out of UNFCCC public NAMA registry entry NS-127; the national implementing entity contacts are Sandra P. Bejarano of Findeter and Steve Winkelman of CCAP, and the record states an expected implementation start of 2015 but carries no publication date, so the year is left blank rather than inferred; the UNFCCC registry was in maintenance during this session, and CCAP's own record is at https://www.ccap.org/post/colombia-transit-oriented-development-nama-selected-for-funding; a registry record, not an Open Library book"
OLP-C85942E9DBEFF98B,Captura de valor,1,Value Capture: A Valid Means of Funding PPPs?,Ciaran Connolly; Anthony Wall,Wiley,2016,article,VERIFIED_NONBOOK,,https://pure.qub.ac.uk/en/publications/value-capture-a-valid-means-of-funding-ppps/,doi,10.1111/faam.12083,OUTSIDE_BOOK_CATALOG_SCOPE,KEEP_EXTERNAL_OR_LOCAL,,"""Value Capture: A Valid Means of Funding PPPs?"" | ""Value Capture: A Valid Means of Funding PPPs?"" ""Ciaran Connolly""","Queen's University Belfast research record and Wiley DOI page verify the journal article title, authors, year, journal, pages, publisher, and DOI"
OLP-05513FA2D4E37FDF,Conpes Movilidad Sostenible,1,Documento CONPES 3991: Política Nacional de Movilidad Urbana y Regional,Consejo Nacional de Política Económica y Social (CONPES),Departamento Nacional de Planeación,2020,report,CREATE_CANDIDATE,,https://colaboracion.dnp.gov.co/CDT/Conpes/Econ%C3%B3micos/3991.pdf,url,https://colaboracion.dnp.gov.co/CDT/Conpes/Econ%C3%B3micos/3991.pdf,ELIGIBLE_BOOKLIKE,READY_FOR_IMPORT_PREVIEW,,"""Documento CONPES 3991: Política Nacional de Movilidad Urbana y Regional"" | ""Documento CONPES 3991: Política Nacional de Movilidad Urbana y Regional"" ""Consejo Nacional de Política Económica y Social (CONPES)""","Approved version dated Bogotá, 14 April 2020, prepared by the Departamento Nacional de Planeación with the Ministerios de Hacienda, Ambiente y Desarrollo Sostenible and Transporte; the misleading embedded PDF title about Situado Fiscal is template residue from an unrelated document; treated as a standalone numbered government policy report rather than a statute or decree, so flip this row to NONBOOK if CONPES documents should stay outside the book catalogue"
OLP-85AB90E8B5FAB2BB,DOT estándar,1,Performance-Based Transit-Oriented Development Typology Guidebook,Mason Austin; Dena Belzer; Albert Benedict; Paul Esling; Peter Haas; Gajus Miknaitis; Elizabeth Wampler; Jeff Wood; Linda Young; Sam Zimbabwe,Center for Transit-Oriented Development; Reconnecting America; Center for Neighborhood Technology; Strategic Economics,2010,guidebook,CREATE_CANDIDATE,,https://trid.trb.org/View/1097129,url,https://trid.trb.org/View/1097129,ELIGIBLE_BOOKLIKE,READY_FOR_IMPORT_PREVIEW,,"""Performance-Based Transit-Oriented Development Typology Guidebook"" | ""Performance-Based Transit-Oriented Development Typology Guidebook"" ""Mason Austin""","TRID authority record verifies the canonical title, ten credited authors, corporate authors, December 2010 date, media type, and pagination"
OLP-299F89CBC82F9688,DOTS Europa & Estados Unidos,1,"TOD Case Studies: Implementation in Low-Income, Diverse Neighborhoods",Center for Transit-Oriented Development,Center for Transit-Oriented Development,2007,report,CREATE_CANDIDATE,,https://ctod.org/pdfs/2007TODCaseStudies.pdf,url,https://ctod.org/pdfs/2007TODCaseStudies.pdf,ELIGIBLE_BOOKLIKE,READY_FOR_IMPORT_PREVIEW,,"""TOD Case Studies: Implementation in Low-Income, Diverse Neighborhoods"" | ""TOD Case Studies: Implementation in Low-Income, Diverse Neighborhoods"" ""Center for Transit-Oriented Development""","CTOD-hosted report verifies the title, corporate author, responsible organizations, funder, updated date of 17 January 2007, and report purpose"
OLP-66098650F7D56B79,Captura de valor,1,Estrategias y mejores prácticas en captura de valor inmobiliario para mega proyectos de transporte masivo: informe final,Despacio; Infratrans,CAF - Banco de Desarrollo de América Latina,2018,report,CREATE_CANDIDATE,,,local_work,OLP-66098650F7D56B79,ELIGIBLE_BOOKLIKE,NEEDS_AUTHORITY_SOURCE,,"""Estrategias y mejores prácticas en captura de valor inmobiliario para mega proyectos de transporte masivo: informe final"" | ""Estrategias y mejores prácticas en captura de valor inmobiliario para mega proyectos de transporte masivo: informe final"" ""Despacio""","Cover page verifies the title, the label 'Informe final', the course dates 27-30 August 2018 in Bogotá, the clients CAF and FDN, and execution by Despacio and Infratrans; no public repository copy was located, so an authoritative URL is still outstanding"
OLP-52F1B58424ED5562,Captura de valor,1,Estrategias y mejores prácticas en captura de valor inmobiliario para mega proyectos de transporte masivo: conclusiones y recomendaciones,Carlos Felipe Pardo,Despacio,2018,presentation,VERIFIED_NONBOOK,,,local_work,OLP-52F1B58424ED5562,OUTSIDE_BOOK_CATALOG_SCOPE,KEEP_EXTERNAL_OR_LOCAL,,"""Estrategias y mejores prácticas en captura de valor inmobiliario para mega proyectos de transporte masivo: conclusiones y recomendaciones"" | ""Estrategias y mejores prácticas en captura de valor inmobiliario para mega proyectos de transporte masivo: conclusiones y recomendaciones"" ""Carlos Felipe Pardo""","Closing slide deck of the CAF-FDN value capture course held in Bogotá 27-30 August 2018; slide 1 and the embedded PDF author verify title and authorship, and the companion final report in the same folder verifies the course dates; a presentation, not an Open Library book"
OLP-61DE92D2F42ACDEE,DOTS Europa & Estados Unidos,1,Columbia Heights Public Realm Framework,Zimmer Gunsul Frasca Partnership,"Government of the District of Columbia, Office of Planning",2004,planning-document,VERIFIED_NONBOOK,,https://planning.dc.gov/page/columbia-heights-public-realm-framework-plan-and-columbia-heights-revitalization-information,url,https://planning.dc.gov/page/columbia-heights-public-realm-framework-plan-and-columbia-heights-revitalization-information,OUTSIDE_BOOK_CATALOG_SCOPE,KEEP_EXTERNAL_OR_LOCAL,,"""Columbia Heights Public Realm Framework"" | ""Columbia Heights Public Realm Framework"" ""Zimmer Gunsul Frasca Partnership""","Official DC Office of Planning page and full plan verify the title, preparer, issuing organization, October 2004 date, and planning-document type"
OLP-5D625A487C75BB25,PMMS Bogota 2023,1,"Decreto 497 de 2023, por el cual se adopta el Plan de Movilidad Sostenible y Segura (PMSS) para Bogotá Distrito Capital y se dictan otras disposiciones","Alcaldía Mayor de Bogotá, D.C.","Secretaría Jurídica Distrital, Alcaldía Mayor de Bogotá, D.C.",2023,legal-document,VERIFIED_NONBOOK,,https://www.alcaldiabogota.gov.co/sisjur/normas/Norma1.jsp?i=150400,url,https://www.alcaldiabogota.gov.co/sisjur/normas/Norma1.jsp?i=150400,OUTSIDE_BOOK_CATALOG_SCOPE,KEEP_EXTERNAL_OR_LOCAL,,"""Decreto 497 de 2023, por el cual se adopta el Plan de Movilidad Sostenible y Segura (PMSS) para Bogotá Distrito Capital y se dictan otras disposiciones"" | ""Decreto 497 de 2023, por el cual se adopta el Plan de Movilidad Sostenible y Segura (PMSS) para Bogotá Distrito Capital y se dictan otras disposiciones"" ""Alcaldía Mayor de Bogotá, D.C.""","Browser capture taken 25 January 2024 of the Régimen Legal de Bogotá record: expedition date 26 October 2023, in force 28 October 2023, published in Registro Distrital 7845 of 27 October 2023; a municipal decree, not an Open Library book"
OLP-690A7AD934DBA8E5,Recomendaciones de política- DOTS,1,Informe 2: El deber ser de la política DOTS,Consorcio SIGMA Gestión de Proyectos – Despacio,Center for Clean Air Policy (CCAP); Findeter,2019,report,CREATE_CANDIDATE,,https://despacio.org/portfolio/lineamientos-para-una-politica-nacional-dots/,url,https://despacio.org/portfolio/lineamientos-para-una-politica-nacional-dots/,ELIGIBLE_BOOKLIKE,READY_FOR_IMPORT_PREVIEW,,"""Informe 2: El deber ser de la política DOTS"" | ""Informe 2: El deber ser de la política DOTS"" ""Consorcio SIGMA Gestión de Proyectos – Despacio""","Cover verifies 'INFORME 2: EL DEBER SER DE LA POLÍTICA DOTS - V2', dated 6 September 2019, presented to CCAP and Findeter by the Consorcio SIGMA GP - Despacio; 178 pages of concept definition and international case studies, a distinct deliverable from Informe 3"
OLP-3DEF9668126812ED,Proyecto Política nacional DOTS (CCAP-SIGMA-DESPACIO),1,Informe 3: Diagnóstico del marco de política en Colombia para el desarrollo de proyectos DOTS,Consorcio SIGMA Gestión de Proyectos – Despacio,Center for Clean Air Policy (CCAP); Findeter,2019,report,CREATE_CANDIDATE,,https://despacio.org/portfolio/lineamientos-para-una-politica-nacional-dots/,url,https://despacio.org/portfolio/lineamientos-para-una-politica-nacional-dots/,ELIGIBLE_BOOKLIKE,READY_FOR_IMPORT_PREVIEW,,"""Informe 3: Diagnóstico del marco de política en Colombia para el desarrollo de proyectos DOTS"" | ""Informe 3: Diagnóstico del marco de política en Colombia para el desarrollo de proyectos DOTS"" ""Consorcio SIGMA Gestión de Proyectos – Despacio""","Cover verifies 'INFORME 3: DIAGNÓSTICO DEL MARCO DE POLÍTICA EN COLOMBIA PARA EL DESARROLLO DE PROYECTOS DOTS - V2', dated 17 October 2019, presented to CCAP and Findeter by the Consorcio SIGMA GP - Despacio under the consultancy 'Formulación de los lineamientos y recomendaciones de política para la implementación de iniciativas DOTS en Colombia'; the Despacio project page confirms the client, the consortium and the March 2019 to October 2020 period"
OLP-D77477A4D388B6B0,Desarrollo orientado al tranporte sustentable; DOTS América Latina,9,Manual: Desarrollo Orientado al Transporte Sustentable (DOTS),Centro de Transporte Sustentable de México A.C.,Centro de Transporte Sustentable de México A.C.,2010,manual,PARENT_COMPONENT,,https://es.wri.org/publicaciones/manual-desarrollo-orientado-al-transporte-sustentable,url,https://es.wri.org/publicaciones/manual-desarrollo-orientado-al-transporte-sustentable,ELIGIBLE_BOOKLIKE,READY_FOR_IMPORT_PREVIEW,,"""Manual: Desarrollo Orientado al Transporte Sustentable (DOTS)"" | ""Manual: Desarrollo Orientado al Transporte Sustentable (DOTS)"" ""Centro de Transporte Sustentable de México A.C.""",Image-only full Spanish manual; cover and contents match the verified split-section publication | The eight local PDFs collectively contain the front matter and numbered sections of one 153-page manual
OLP-831BDA6824661132,Smart Growth,1,Driven Apart: How Sprawl Is Lengthening Our Commutes and Why Misleading Mobility Measures Are Making Things Worse,Joe Cortright,CEOs for Cities,2010,report,CREATE_CANDIDATE,,https://cityobservatory.org/wp-content/uploads/2015/08/Cortright_Driven_Apart_2010.pdf,url,https://cityobservatory.org/wp-content/uploads/2015/08/Cortright_Driven_Apart_2010.pdf,ELIGIBLE_BOOKLIKE,READY_FOR_IMPORT_PREVIEW,,"""Driven Apart: How Sprawl Is Lengthening Our Commutes and Why Misleading Mobility Measures Are Making Things Worse"" | ""Driven Apart: How Sprawl Is Lengthening Our Commutes and Why Misleading Mobility Measures Are Making Things Worse"" ""Joe Cortright""","Author-hosted report copy verifies the canonical title, author, publisher, Rockefeller Foundation funding, and September 2010 date"
OLP-BA8A881E724F2379,DOTS América Latina,1,"Economy, Environment & Culture in Latin America: A Comparative Study of National Planning in Brazil and Mexico",David J. Edelman; David J. Allor,LAP Lambert Academic Publishing,2018,book,CREATE_CANDIDATE,,https://researchdirectory.uc.edu/p/edelmadj,isbn_13,9786139845675,ELIGIBLE_BOOKLIKE,READY_FOR_IMPORT_PREVIEW,,"""Economy, Environment & Culture in Latin America: A Comparative Study of National Planning in Brazil and Mexico"" | ""Economy, Environment & Culture in Latin America: A Comparative Study of National Planning in Brazil and Mexico"" ""David J. Edelman""","University of Cincinnati author bibliography and bookseller authority data verify the title, both authors, publisher, May 2018 date, pagination, language, and checksum-valid ISBN"
OLP-52AE7BAAEDA02162,DOTS Europa & Estados Unidos,1,Land-use scenarios for Europe: qualitative and quantitative analysis on a European scale,European Environment Agency,European Environment Agency,2007,report,CREATE_CANDIDATE,,https://www.eea.europa.eu/publications/technical_report_2007_9,isbn_13,9789291679270,ELIGIBLE_BOOKLIKE,READY_FOR_IMPORT_PREVIEW,,"""Land-use scenarios for Europe: qualitative and quantitative analysis on a European scale"" | ""Land-use scenarios for Europe: qualitative and quantitative analysis on a European scale"" ""European Environment Agency""","Official EEA Technical Report 9/2007; title, responsible organization, publisher, year, series, pagination, and checksum-valid ISBN corroborated by government-hosted copies"
OLP-F7F89E82B5B53BA6,DOTS América Latina,1,DOTS Cidades: Manual de Desenvolvimento Urbano Orientado ao Transporte Sustentável,EMBARQ Brasil,EMBARQ Brasil,2015,manual,CREATE_CANDIDATE,,https://www.mpsp.mp.br/portal/page/portal/documentacao_e_divulgacao/doc_biblioteca/bibli_servicos_produtos/BibliotecaDigital/BibDigitalLivros/TodosOsLivros/DOTS_Cidades--Manual_de_Desenvolvimento_Urbano_Orientado_ao_Transporte_Sustentavel.pdf,url,https://www.mpsp.mp.br/portal/page/portal/documentacao_e_divulgacao/doc_biblioteca/bibli_servicos_produtos/BibliotecaDigital/BibDigitalLivros/TodosOsLivros/DOTS_Cidades--Manual_de_Desenvolvimento_Urbano_Orientado_ao_Transporte_Sustentavel.pdf,ELIGIBLE_BOOKLIKE,READY_FOR_IMPORT_PREVIEW,,"""DOTS Cidades: Manual de Desenvolvimento Urbano Orientado ao Transporte Sustentável"" | ""DOTS Cidades: Manual de Desenvolvimento Urbano Orientado ao Transporte Sustentável"" ""EMBARQ Brasil""","Government-hosted full publication and copyright page verify the canonical title, responsible organization, publisher, 2015 date, format, and pagination"
OLP-6B0811BB45EC551C,DOTS Europa & Estados Unidos,1,Infrastructure Financing Options for Transit-Oriented Development,United States Environmental Protection Agency,United States Environmental Protection Agency,2013,report,CREATE_CANDIDATE,,https://www.epa.gov/smartgrowth/infrastructure-financing-options-transit-oriented-development,url,https://www.epa.gov/smartgrowth/infrastructure-financing-options-transit-oriented-development,ELIGIBLE_BOOKLIKE,READY_FOR_IMPORT_PREVIEW,,"""Infrastructure Financing Options for Transit-Oriented Development"" | ""Infrastructure Financing Options for Transit-Oriented Development"" ""United States Environmental Protection Agency""","Official EPA publication page verifies the canonical title, responsible organization, publisher, date, scope, and 251-page report format"
OLP-03CE311C8C8C265E,Smart Growth,1,"Smart Growth and Economic Success: Benefits for Real Estate Developers, Investors, Businesses, and Local Governments","United States Environmental Protection Agency, Office of Sustainable Communities",United States Environmental Protection Agency,2012,report,CREATE_CANDIDATE,,https://www.epa.gov/sites/default/files/documents/smart_growth_and_economic_success.pdf,url,https://www.epa.gov/sites/default/files/documents/smart_growth_and_economic_success.pdf,ELIGIBLE_BOOKLIKE,READY_FOR_IMPORT_PREVIEW,,"""Smart Growth and Economic Success: Benefits for Real Estate Developers, Investors, Businesses, and Local Governments"" | ""Smart Growth and Economic Success: Benefits for Real Estate Developers, Investors, Businesses, and Local Governments"" ""United States Environmental Protection Agency, Office of Sustainable Communities""","Official EPA publication and archived program page verify the canonical cover title, responsible office, publisher, and December 2012 publication date"
OLP-7F9A83380D52F964,Smart Growth,1,Smart Growth: A Guide to Developing and Implementing Greenhouse Gas Reduction Programs,United States Environmental Protection Agency,United States Environmental Protection Agency,2010,report,CREATE_CANDIDATE,,https://nepis.epa.gov/Exe/ZyPURL.cgi?Dockey=P100B4BC.TXT,url,https://nepis.epa.gov/Exe/ZyPURL.cgi?Dockey=P100B4BC.TXT,ELIGIBLE_BOOKLIKE,READY_FOR_IMPORT_PREVIEW,,"""Smart Growth: A Guide to Developing and Implementing Greenhouse Gas Reduction Programs"" | ""Smart Growth: A Guide to Developing and Implementing Greenhouse Gas Reduction Programs"" ""United States Environmental Protection Agency""","Official EPA National Service Center for Environmental Publications record verifies the title, responsible organization, publisher, date, and guide content"
OLP-76065316FC05F191,Otras políticas relacionadas,1,Estrategia Nacional de Transporte Sostenible,Ministerio de Transporte de Colombia; Ministerio de Ambiente y Desarrollo Sostenible; Ministerio de Minas y Energía; Departamento Nacional de Planeación; Unidad de Planeación Minero Energética,Gobierno de Colombia,2022,report,CREATE_CANDIDATE,,https://mintransporte.gov.co/publicaciones/10754/transporte-sostenible/,url,https://mintransporte.gov.co/publicaciones/10754/transporte-sostenible/,ELIGIBLE_BOOKLIKE,READY_FOR_IMPORT_PREVIEW,,"""Estrategia Nacional de Transporte Sostenible"" | ""Estrategia Nacional de Transporte Sostenible"" ""Ministerio de Transporte de Colombia""","Cover reads 'Estrategia Nacional de Transporte Sostenible - GOBIERNO DE COLOMBIA » 2022'; the Ministerio de Transporte publications page hosts the official document, developed through the Mesa Interinstitucional de Transporte Sostenible and presented in August 2022"
OLP-5929B1A8D5477EF2,DOTS América Latina,1,Plan de internacionalización de la ciudad de Salta mediante el desarrollo orientado al transporte,Ricardo Galindo Anaya-Ferrel,Universidad Siglo 21,2023,dissertation,CREATE_CANDIDATE,,https://repositorio.21.edu.ar/handle/ues21/28467,url,https://repositorio.21.edu.ar/handle/ues21/28467,ELIGIBLE_BOOKLIKE,READY_FOR_IMPORT_PREVIEW,,"""Plan de internacionalización de la ciudad de Salta mediante el desarrollo orientado al transporte"" | ""Plan de internacionalización de la ciudad de Salta mediante el desarrollo orientado al transporte"" ""Ricardo Galindo Anaya-Ferrel""","Official university repository verifies the canonical title, author, institution, final-degree-work type, September 2023 issue date, and handle; the local title page is dated 2022"
OLP-BB35DB4F220AA6B9,Captura de valor,1,Experience with the Betterment Levy in Peru,Margarita Gamarra Huayapa,Lincoln Institute of Land Policy,2001,working-paper,CREATE_CANDIDATE,,https://www.lincolninst.edu/app/uploads/2024/04/1558_783_Land20Lines20Jan20200920final.pdf,url,https://www.lincolninst.edu/app/uploads/2024/04/1558_783_Land20Lines20Jan20200920final.pdf,ELIGIBLE_BOOKLIKE,READY_FOR_IMPORT_PREVIEW,,"""Experience with the Betterment Levy in Peru"" | ""Experience with the Betterment Levy in Peru"" ""Margarita Gamarra Huayapa""","Lincoln Institute bibliography and the local working-paper title page verify the title, author, publisher, and original 2001 date; a later bibliography lists the English translation in 2008"
OLP-8F4729514371311A,DOTS Asia,1,Ho Chi Minh City Transport and Land Use,José A. Gómez-Ibáñez; Nguyen Xuan Thanh,Fulbright Economics Teaching Program,2008,teaching-case,CREATE_CANDIDATE,,https://fsppm.fulbright.edu.vn/en/case/ho-chi-minh-city-transport-and-land-use-56/,url,https://fsppm.fulbright.edu.vn/en/case/ho-chi-minh-city-transport-and-land-use-56/,ELIGIBLE_BOOKLIKE,READY_FOR_IMPORT_PREVIEW,,"""Ho Chi Minh City Transport and Land Use"" | ""Ho Chi Minh City Transport and Land Use"" ""José A. Gómez-Ibáñez""","Official Fulbright School case catalog verifies the title, authors, publisher, 22 June 2008 date, case number CE08-32-34.0, media type, and pagination"
OLP-F5338AD4F9D7F733,DOTS Europa & Estados Unidos,1,"Houses, Apartments, and the Incidence of Property Taxes",Jack Goodman,Fannie Mae Foundation,2006,article,VERIFIED_NONBOOK,,https://www.tandfonline.com/doi/abs/10.1080/10511482.2006.9521558,doi,10.1080/10511482.2006.9521558,OUTSIDE_BOOK_CATALOG_SCOPE,KEEP_EXTERNAL_OR_LOCAL,,"""Houses, Apartments, and the Incidence of Property Taxes"" | ""Houses, Apartments, and the Incidence of Property Taxes"" ""Jack Goodman""","Publisher DOI page verifies the article title, author, 2006 Housing Policy Debate volume and issue, pages, publisher context, and DOI"
OLP-27586CE5990FBBC5,Captura de valor,1,Estrategias de captura de valor para financiar la construcción del metro de Bogotá: instrumentos y potencial,Luis A. Guzmán; Daniel Páez; Oscar Borrero,Universidad de los Andes,2012,presentation,VERIFIED_NONBOOK,,,local_work,OLP-27586CE5990FBBC5,OUTSIDE_BOOK_CATALOG_SCOPE,KEEP_EXTERNAL_OR_LOCAL,,"""Estrategias de captura de valor para financiar la construcción del metro de Bogotá: instrumentos y potencial"" | ""Estrategias de captura de valor para financiar la construcción del metro de Bogotá: instrumentos y potencial"" ""Luis A. Guzmán""","Bilingual conference slide deck dated 5 December 2012; slide 1 and the embedded PDF title 'TS08A Luis A. Guzmán' verify the title, the three authors and the session code; no public conference proceedings record was located, and slides are not an Open Library book"
OLP-D52DA0D08AB2BBE6,Captura de valor,1,Opportunities and Risks of Capturing Land Values Under Hong Kong's Leasehold System,Yu-Hung Hong; Alven H. S. Lam,Lincoln Institute of Land Policy,1998,report,CREATE_CANDIDATE,,https://www.lincolninst.edu/app/uploads/2024/04/65_honglam98_1.pdf,url,https://www.lincolninst.edu/app/uploads/2024/04/65_honglam98_1.pdf,ELIGIBLE_BOOKLIKE,READY_FOR_IMPORT_PREVIEW,,"""Opportunities and Risks of Capturing Land Values Under Hong Kong's Leasehold System"" | ""Opportunities and Risks of Capturing Land Values Under Hong Kong's Leasehold System"" ""Yu-Hung Hong""","Official Lincoln Institute working-paper copy and catalog verify the full title, authors, publisher, date, format, and product code WP98YH1"
OLP-464646C12F911A65,DOTS América Latina,1,Desarrollo orientado al transporte: una evaluación de tendencias y oportunidades para América Latina,Daniel A. Rodríguez; Mario Durán Ortiz; Jason Hobbs; Francisca María Magdalena Rojas; Anne Hudson,Inter-American Development Bank,2021,discussion-paper,CREATE_CANDIDATE,,https://publications.iadb.org/es/desarrollo-orientado-al-transporte-una-evaluacion-de-tendencias-y-oportunidades-para-america-latina,doi,10.18235/0003802,ELIGIBLE_BOOKLIKE,READY_FOR_IMPORT_PREVIEW,,"""Desarrollo orientado al transporte: una evaluación de tendencias y oportunidades para América Latina"" | ""Desarrollo orientado al transporte: una evaluación de tendencias y oportunidades para América Latina"" ""Daniel A. Rodríguez""","Official IDB publication and Dublin Core records verify the title, author, editors, publisher, November 2021 date, report number IDB-DP-00802, pagination, and DOI"
OLP-4B3C557A93EC2F6F,Smart Growth,1,"Economic Development and Smart Growth: 8 Case Studies on the Connections Between Smart Growth Development and Jobs, Wealth, and Quality of Life in Communities",Alex Iams; Pearl Kaplan,International Economic Development Council,2006,report,CREATE_CANDIDATE,,https://opd.gov.mp/library/smart-safe-growth/economic-development-and-smart-growth/iedc-2006-economic-development-and-smart-growth.pdf,url,https://opd.gov.mp/library/smart-safe-growth/economic-development-and-smart-growth/iedc-2006-economic-development-and-smart-growth.pdf,ELIGIBLE_BOOKLIKE,READY_FOR_IMPORT_PREVIEW,,"""Economic Development and Smart Growth: 8 Case Studies on the Connections Between Smart Growth Development and Jobs, Wealth, and Quality of Life in Communities"" | ""Economic Development and Smart Growth: 8 Case Studies on the Connections Between Smart Growth Development and Jobs, Wealth, and Quality of Life in Communities"" ""Alex Iams""","Government-hosted publication copy and IEDC material verify the full title, editors, publisher, cooperative agreement, and August 2006 date"
OLP-51E642A9964AB05B,DOT estándar,3,"TOD Standard, Version 2.1",Institute for Transportation and Development Policy,Institute for Transportation and Development Policy; Despacio,2014,manual,CREATE_CANDIDATE,,https://www.itdp.in/wp-content/uploads/2014/04/01.TOD-Standard_Final.pdf,url,https://www.itdp.in/wp-content/uploads/2014/04/01.TOD-Standard_Final.pdf,ELIGIBLE_BOOKLIKE,READY_FOR_IMPORT_PREVIEW,,"""TOD Standard, Version 2.1"" | ""TOD Standard, Version 2.1"" ""Institute for Transportation and Development Policy""","Second local copy of the same verified 2014 Version 2.1 publication; group it with the parent work rather than creating another record | Official ITDP copy and current ITDP history page verify the title, responsible organization, publishers, March 2014 date, version, and 77-page manual format; the printed ISBN is an explicit placeholder and is not recorded | Alternate local filename/copy of the same verified 2014 Version 2.1 publication; group it with the parent work rather than creating another record"
OLP-0D1DB5E59906057D,DOTS Europa & Estados Unidos,1,"Land Lines, January 2010",Ann LeRoyer,Lincoln Institute of Land Policy,2010,serial-issue,VERIFIED_NONBOOK,,https://www.lincolninst.edu/publications/issues/land-lines-january-2010/,url,https://www.lincolninst.edu/publications/issues/land-lines-january-2010/,OUTSIDE_BOOK_CATALOG_SCOPE,KEEP_EXTERNAL_OR_LOCAL,,"""Land Lines, January 2010"" | ""Land Lines, January 2010"" ""Ann LeRoyer""",Verified quarterly newsletter issue; not an Open Library book candidate
OLP-8B1BF0C7C27E77D4,DOTS Europa & Estados Unidos,1,"Land Lines, July 2008",Ann LeRoyer,Lincoln Institute of Land Policy,2008,serial-issue,VERIFIED_NONBOOK,,https://www.lincolninst.edu/publications/issues/land-lines-july-2008/,url,https://www.lincolninst.edu/publications/issues/land-lines-july-2008/,OUTSIDE_BOOK_CATALOG_SCOPE,KEEP_EXTERNAL_OR_LOCAL,,"""Land Lines, July 2008"" | ""Land Lines, July 2008"" ""Ann LeRoyer""",Verified quarterly newsletter issue; not an Open Library book candidate
OLP-73CDBB96E8BF73B1,Captura de valor,1,Una nueva mirada a la recuperación de plusvalías en América Latina,Martim O. Smolka,Lincoln Institute of Land Policy,2012,article,VERIFIED_NONBOOK,,https://www.lincolninst.edu/app/uploads/legacy-files/pubfiles/2137_1462_Una_nueva_mirada_a_la_recuperacion_de_plusvalias_0712LLSP.pdf,url,https://www.lincolninst.edu/app/uploads/legacy-files/pubfiles/2137_1462_Una_nueva_mirada_a_la_recuperacion_de_plusvalias_0712LLSP.pdf,OUTSIDE_BOOK_CATALOG_SCOPE,KEEP_EXTERNAL_OR_LOCAL,,"""Una nueva mirada a la recuperación de plusvalías en América Latina"" | ""Una nueva mirada a la recuperación de plusvalías en América Latina"" ""Martim O. Smolka""",Official Lincoln Institute copy verifies this as a July 2012 Land Lines article rather than a standalone book
OLP-9180F5907316D4A5,Smart Growth,1,Legislature Takes Aim at Urban Sprawl and Global Warming,Margot Roosevelt,Los Angeles Times,2008,newspaper-article,VERIFIED_NONBOOK,,https://www.latimes.com/archives/la-xpm-2008-aug-21-me-sprawl21-story.html,url,https://www.latimes.com/archives/la-xpm-2008-aug-21-me-sprawl21-story.html,OUTSIDE_BOOK_CATALOG_SCOPE,KEEP_EXTERNAL_OR_LOCAL,,"""Legislature Takes Aim at Urban Sprawl and Global Warming"" | ""Legislature Takes Aim at Urban Sprawl and Global Warming"" ""Margot Roosevelt""","Local one-page newspaper capture verifies the title, author, newspaper, date of 21 August 2008, and article type; it is not an Open Library book"
OLP-3CE347587191A2BF,Proyecto Política nacional DOTS (CCAP-SIGMA-DESPACIO); Recomendaciones de política- DOTS,3,Guidelines for a National DOTS Policy in Colombia,Consorcio SIGMA Gestión de Proyectos – Despacio,Findeter,2020,report,CREATE_CANDIDATE,,https://bibliotecadigital.findeter.metabiblioteca.com/handle/001/9617,url,https://bibliotecadigital.findeter.metabiblioteca.com/handle/001/9617,ELIGIBLE_BOOKLIKE,READY_FOR_IMPORT_PREVIEW,,"""Guidelines for a National DOTS Policy in Colombia"" | ""Guidelines for a National DOTS Policy in Colombia"" ""Consorcio SIGMA Gestión de Proyectos – Despacio""","English-language executive summary carrying the same sections, objectives and four strategic proposals as the published Spanish edition; an alternate-language edition of the same intellectual work | Designed, published executive summary; the Findeter institutional repository record at handle 001/9617, dated August 2020, confirms the title and corporate publisher, and matches the Colombia TOD-NAMA / NAMA Facility / CCAP / CIUDAT credit line printed inside the local PDF | Word-produced draft labelled 'V5_FINAL' of the executive summary later issued as the designed Findeter publication; identical sections, objectives and four strategic proposals, so the same intellectual work in an earlier version"
OLP-7D98B5692364F405,DOTS América Latina,1,"Managing the Urban Environment - Lima, Peru",David J. Edelman,LAP LAMBERT Academic Publishing,2018,book,CREATE_CANDIDATE,,https://www.daap.uc.edu/content/dam/refresh/daap-62/documents/news-events/daapcares-presentation-2018.pdf,isbn_13,9786137341308,ELIGIBLE_BOOKLIKE,READY_FOR_IMPORT_PREVIEW,,"""Managing the Urban Environment - Lima, Peru"" | ""Managing the Urban Environment - Lima, Peru"" ""David J. Edelman""",Full book and checksum-valid ISBN verified visually on the local wraparound cover
OLP-1517DE7AA69C86B2,DOTS América Latina,1,"Managing the Urban Environment - Santo Domingo, the Dominican Republic",David J. Edelman,LAP LAMBERT Academic Publishing,2019,book,CREATE_CANDIDATE,,https://www.abebooks.com/9786139446896/Managing-Urban-Environment-Santo-Domingo-6139446899/plp,isbn_13,9786139446896,ELIGIBLE_BOOKLIKE,READY_FOR_IMPORT_PREVIEW,,"""Managing the Urban Environment - Santo Domingo, the Dominican Republic"" | ""Managing the Urban Environment - Santo Domingo, the Dominican Republic"" ""David J. Edelman""",Full book and checksum-valid ISBN verified visually on the local wraparound cover
OLP-4D08149D47FDE1D1,DOTS Europa & Estados Unidos,1,The ABC Location Policy in the Netherlands: The Right Business at the Right Place,M. J. Martens; S. van Griethuysen,TNO Inro,1999,report,CREATE_CANDIDATE,,https://www.gov.wales/sites/default/files/publications/2018-10/application-of-accessibility-methodologies-to-land-use-planning.pdf,url,https://www.gov.wales/sites/default/files/publications/2018-10/application-of-accessibility-methodologies-to-land-use-planning.pdf,ELIGIBLE_BOOKLIKE,READY_FOR_IMPORT_PREVIEW,,"""The ABC Location Policy in the Netherlands: The Right Business at the Right Place"" | ""The ABC Location Policy in the Netherlands: The Right Business at the Right Place"" ""M. J. Martens""","Local TRANSLAND report title page and government bibliography verify the title, authors, publisher, 3 September 1999 date, and report context"
OLP-CE03A237F557C0F3,DOTS América Latina,1,Estimation of a Location Model of Land Uses in the City of Bogotá for the Assessment of a Transit-Oriented Development (TOD) Scheme in a BRT Corridor,David Francisco Meléndez Guevara,Universidad de los Andes,2014,dissertation,CREATE_CANDIDATE,,,local_work,OLP-CE03A237F557C0F3,ELIGIBLE_BOOKLIKE,NEEDS_AUTHORITY_SOURCE,,"""Estimation of a Location Model of Land Uses in the City of Bogotá for the Assessment of a Transit-Oriented Development (TOD) Scheme in a BRT Corridor"" | ""Estimation of a Location Model of Land Uses in the City of Bogotá for the Assessment of a Transit-Oriented Development (TOD) Scheme in a BRT Corridor"" ""David Francisco Meléndez Guevara""","Local thesis title and approval pages verify the canonical title, author, institution, January 2014 date, degree, adviser, and document type; the national RedCol index independently lists this Universidad de los Andes thesis and year"
OLP-8D8DB88A04DB69ED,Captura de valor,1,Value Capture for Funding Colombian BRTS Infrastructure: The Case of Transmilenio in Bogotá,Camilo Mendoza,"Institute for Housing and Urban Development Studies (IHS), Erasmus University Rotterdam",2005,dissertation,CREATE_CANDIDATE,,,local_work,OLP-8D8DB88A04DB69ED,ELIGIBLE_BOOKLIKE,NEEDS_AUTHORITY_SOURCE,,"""Value Capture for Funding Colombian BRTS Infrastructure: The Case of Transmilenio in Bogotá"" | ""Value Capture for Funding Colombian BRTS Infrastructure: The Case of Transmilenio in Bogotá"" ""Camilo Mendoza""","Title page verifies the title, the author, supervisor Peter Pol, the report number UMD-1-08, the UMD1 master course running 6 October 2004 to 23 September 2005 and the imprint 'Rotterdam, September 2005'; the year 2004 recorded earlier was the course start, not the publication year; no public IHS or Erasmus repository record was located"
OLP-1EACD1F3B5BC7190,DOTS Colombia,1,Evaluando el potencial del desarrollo orientado al transporte considerando las preferencias y percepciones de los ciudadanos,Verónica Meza Llinás,Universidad del Norte,2021,dissertation,CREATE_CANDIDATE,,https://manglar.uninorte.edu.co/handle/10584/10958,url,https://manglar.uninorte.edu.co/handle/10584/10958,ELIGIBLE_BOOKLIKE,READY_FOR_IMPORT_PREVIEW,,"""Evaluando el potencial del desarrollo orientado al transporte considerando las preferencias y percepciones de los ciudadanos"" | ""Evaluando el potencial del desarrollo orientado al transporte considerando las preferencias y percepciones de los ciudadanos"" ""Verónica Meza Llinás""","Despite the local filename this is not a Transmilenio DOTS study: the title page and project sheet identify a Magíster en Ingeniería Civil thesis by Verónica Meza Llinás, tutor Julián Alberto Arellana Ochoa, Universidad del Norte, Barranquilla, December 2021; the Manglar repository record confirms title, author and year"
OLP-3A816D5673C1F420,DOTS Europa & Estados Unidos,1,The Simple Way to End Land Hoarding,Jerry Jones,Morning Star,2006,newspaper-article,VERIFIED_NONBOOK,,https://www.labourland.org/land-value-tax-in-the-news/,url,https://www.labourland.org/land-value-tax-in-the-news/,OUTSIDE_BOOK_CATALOG_SCOPE,KEEP_EXTERNAL_OR_LOCAL,,"""The Simple Way to End Land Hoarding"" | ""The Simple Way to End Land Hoarding"" ""Jerry Jones""","Single newspaper page dated 1 February 2006; title, author, newspaper, and date verified visually and corroborated by the Labour Land Campaign index"
OLP-BCC4D9D43AF8A3F7,Captura de valor,1,Movilización social de la valorización de la tierra: casos latinoamericanos,María Clara Vejarano; Martim O. Smolka,Lincoln Institute of Land Policy,2007,book,PARENT_COMPONENT,,https://www.lincolninst.edu/publications/other/movilizacion-social-la-valorizacion-la-tierra,url,https://www.lincolninst.edu/publications/other/movilizacion-social-la-valorizacion-la-tierra,ELIGIBLE_BOOKLIKE,READY_FOR_IMPORT_PREVIEW,,"""Movilización social de la valorización de la tierra: casos latinoamericanos"" | ""Movilización social de la valorización de la tierra: casos latinoamericanos"" ""María Clara Vejarano""","The local PDF is labelled 'DOCUMENTO 2 DE 2' of the Colombia case study 'Bogotá, D.C. primera experiencia de recuperación de la plusvalía urbana para la colectividad en el marco de la Ley de Desarrollo Territorial' by Sandra V. Salgado, Alexander Sierra, Magda Montaña and María Clara Vejarano; it is one chapter of the Lincoln Institute compilation, not a standalone book"
OLP-B06DF104220F04E5,Captura de valor,1,Land Value Capture as a Source of Funding of Public Transit for Greater Montréal,George Hazel Consultancy Ltd; Edinburgh-Rail Ltd,National Bank of Canada,2014,report,CREATE_CANDIDATE,,https://files.newswire.ca/1362/Land_Value.pdf,url,https://files.newswire.ca/1362/Land_Value.pdf,ELIGIBLE_BOOKLIKE,READY_FOR_IMPORT_PREVIEW,,"""Land Value Capture as a Source of Funding of Public Transit for Greater Montréal"" | ""Land Value Capture as a Source of Funding of Public Transit for Greater Montréal"" ""George Hazel Consultancy Ltd""","Full report title and imprint pages verify the title, preparing organizations, commissioning publisher, October 2014 date, and report format"
OLP-B3302690A6C0BC48,Planeación territorial,1,Integrating land use and transport planning,M. Ward; J. Dixon; B. Sadler; J. Wilson,Land Transport New Zealand,2007,report,CREATE_CANDIDATE,,https://www.nzta.govt.nz/resources/research/reports/333,isbn_13,9780478287462,ELIGIBLE_BOOKLIKE,READY_FOR_IMPORT_PREVIEW,,"""Integrating land use and transport planning"" | ""Integrating land use and transport planning"" ""M. Ward""","Official NZ Transport Agency catalog page verifies title, authors, publisher, report number, date, pagination, and checksum-valid ISBN"
OLP-2C883D684EF40067,DOTS Europa & Estados Unidos,1,Measuring Equity in Transit-Oriented Development: Application to Affordable Housing,Beryl Oranga,SIT Graduate Institute,2015,capstone,CREATE_CANDIDATE,,https://digitalcollections.sit.edu/capstones/2811/,url,https://digitalcollections.sit.edu/capstones/2811/,ELIGIBLE_BOOKLIKE,READY_FOR_IMPORT_PREVIEW,,"""Measuring Equity in Transit-Oriented Development: Application to Affordable Housing"" | ""Measuring Equity in Transit-Oriented Development: Application to Affordable Housing"" ""Beryl Oranga""","Official SIT digital collection verifies the canonical title, author, institution, year, degree, advisers, capstone identifier, and document type"
OLP-C76EFDCDC70133F6,Smart Growth,1,Sprawling Cities Getting Hotter Faster,OurAmazingPlanet Staff,OurAmazingPlanet,2010,news-article,VERIFIED_NONBOOK,,https://www.livescience.com/archive/2010/06,url,https://www.livescience.com/archive/2010/06,OUTSIDE_BOOK_CATALOG_SCOPE,KEEP_EXTERNAL_OR_LOCAL,,"""Sprawling Cities Getting Hotter Faster"" | ""Sprawling Cities Getting Hotter Faster"" ""OurAmazingPlanet Staff""","Local two-page web capture and Live Science archive verify the title, corporate byline, publication, date of 23 June 2010, and article type; it is not an Open Library book"
OLP-C6EB682181E2B8E5,DOTS América Latina,1,Integración de Transporte no Motorizado y DOTS,Carlos Felipe Pardo; Patricia Calderón Peña,Cámara de Comercio de Bogotá; Fundación Despacio,2014,book,CREATE_CANDIDATE,,https://bibliotecadigital.ccb.org.co/items/c040679c-44a6-421c-8aa7-05e994c578d7,isbn_13,9789585767454,ELIGIBLE_BOOKLIKE,READY_FOR_IMPORT_PREVIEW,,"""Integración de Transporte no Motorizado y DOTS"" | ""Integración de Transporte no Motorizado y DOTS"" ""Carlos Felipe Pardo""","Official Cámara de Comercio de Bogotá repository and publication copy verify the title, authors, publishers, year, description, handle, and checksum-valid ISBN"
OLP-04487432259C4A11,DOTS Colombia,1,"Ciudad, transporte y género: la movilidad urbana en el desarrollo sostenible de Villavicencio",María Fernanda Parra Mosquera,Universidad de los Andes,2021,dissertation,CREATE_CANDIDATE,,https://hdl.handle.net/1992/54341,url,https://hdl.handle.net/1992/54341,ELIGIBLE_BOOKLIKE,READY_FOR_IMPORT_PREVIEW,,"""Ciudad, transporte y género: la movilidad urbana en el desarrollo sostenible de Villavicencio"" | ""Ciudad, transporte y género: la movilidad urbana en el desarrollo sostenible de Villavicencio"" ""María Fernanda Parra Mosquera""","Colombian national repository aggregator and Universidad de los Andes handle record verify the canonical title, author, institution, year, resource type, and repository identifier"
OLP-D468F8E71EEEE47B,DOTS Europa & Estados Unidos,1,From Traditional to Reformed: A Review of the Land Use Regulations in the Nation's 50 Largest Metropolitan Areas,Rolf Pendall; Robert Puentes; Jonathan Martin,Brookings Institution,2006,research-brief,CREATE_CANDIDATE,,https://www.brookings.edu/wp-content/uploads/2016/06/20060802_pendall.pdf,url,https://www.brookings.edu/wp-content/uploads/2016/06/20060802_pendall.pdf,ELIGIBLE_BOOKLIKE,READY_FOR_IMPORT_PREVIEW,,"""From Traditional to Reformed: A Review of the Land Use Regulations in the Nation's 50 Largest Metropolitan Areas"" | ""From Traditional to Reformed: A Review of the Land Use Regulations in the Nation's 50 Largest Metropolitan Areas"" ""Rolf Pendall""","Official Brookings full report verifies the canonical title, three authors, publisher, August 2006 date, research-brief series, and pagination"
OLP-0F372063BFF2D071,Proyectos DOTS,1,Centro San Bernardo – Plan Parcial,RenoBo - Empresa de Renovación y Desarrollo Urbano de Bogotá D.C.,RenoBo - Empresa de Renovación y Desarrollo Urbano de Bogotá D.C.,2024,web-capture,VERIFIED_NONBOOK,,https://renobo.com.co/es/proyectos/centro-san-bernardo-plan-parcial,url,https://renobo.com.co/es/proyectos/centro-san-bernardo-plan-parcial,OUTSIDE_BOOK_CATALOG_SCOPE,KEEP_EXTERNAL_OR_LOCAL,,"""Centro San Bernardo – Plan Parcial"" | ""Centro San Bernardo – Plan Parcial"" ""RenoBo - Empresa de Renovación y Desarrollo Urbano de Bogotá D.C.""","Three-page browser capture taken 12 January 2024 of RenoBo's project page for the Plan Parcial de Renovación Urbana Centro San Bernardo; renobo.com.co refuses automated requests but the page is indexed and mirrored by the Secretaría Distrital de Planeación; a web page capture, not an Open Library book"
OLP-851F027880085BA7,PMMS Bogota 2023,1,Documento Técnico de Soporte del Plan de Movilidad Sostenible y Segura de Bogotá D.C.,Secretaría Distrital de Movilidad de Bogotá,Secretaría Distrital de Movilidad de Bogotá,2023,planning-document,CREATE_CANDIDATE,,https://www.movilidadbogota.gov.co/plan-de-movilidad-sostenible-y-segura,url,https://www.movilidadbogota.gov.co/plan-de-movilidad-sostenible-y-segura,ELIGIBLE_BOOKLIKE,READY_FOR_IMPORT_PREVIEW,,"""Documento Técnico de Soporte del Plan de Movilidad Sostenible y Segura de Bogotá D.C."" | ""Documento Técnico de Soporte del Plan de Movilidad Sostenible y Segura de Bogotá D.C."" ""Secretaría Distrital de Movilidad de Bogotá""","1,395-page technical support document issued with Decreto 497 de 2023 and published in Registro Distrital 7845 of October 2023; the internal reference DPM-009-2023 and the Secretaría Distrital de Movilidad masthead verify the responsible entity; movilidadbogota.gov.co could not be reached from this network, while the adopting decree page at alcaldiabogota.gov.co responded"
OLP-1C12A5D3A6B92C23,DTS,7,"Documento Técnico de Soporte del Plan de Ordenamiento Territorial de Bogotá D.C., julio de 2021",Secretaría Distrital de Planeación de Bogotá,Secretaría Distrital de Planeación de Bogotá,2021,planning-document,PARENT_COMPONENT,,https://www.sdp.gov.co/micrositios/pot/documentos,url,https://www.sdp.gov.co/micrositios/pot/documentos,ELIGIBLE_BOOKLIKE,READY_FOR_IMPORT_PREVIEW,,"""Documento Técnico de Soporte del Plan de Ordenamiento Territorial de Bogotá D.C., julio de 2021"" | ""Documento Técnico de Soporte del Plan de Ordenamiento Territorial de Bogotá D.C., julio de 2021"" ""Secretaría Distrital de Planeación de Bogotá""","Cover page reads 'DOCUMENTO TÉCNICO DE SOPORTE - Anexo 28. Guía de formulación de las Actuaciones Estratégicas - Julio 2021'; One of seven local volumes and annexes of a single July 2021 technical support document, not a separate book; a September 2021 copy of Libro I is mirrored at concejodebogota.gov.co, and sdp.gov.co did not respond from this network | Cover page reads 'DOCUMENTO TÉCNICO DE SOPORTE - Anexo 29. Actuación Estratégica Reverdecer del Sur - Julio 2021'; One of seven local volumes and annexes of a single July 2021 technical support document, not a separate book; a September 2021 copy of Libro I is mirrored at concejodebogota.gov.co, and sdp.gov.co did not respond from this network | Cover page reads 'DOCUMENTO TÉCNICO DE SOPORTE - Libro 1. Componente General - Julio 2021'; One of seven local volumes and annexes of a single July 2021 technical support document, not a separate book; a September 2021 copy of Libro I is mirrored at concejodebogota.gov.co, and sdp.gov.co did not respond from this network | Cover page reads 'DOCUMENTO TÉCNICO DE SOPORTE - Libro 2. Componente Urbano - Julio 2021'; One of seven local volumes and annexes of a single July 2021 technical support document, not a separate book; a September 2021 copy of Libro I is mirrored at concejodebogota.gov.co, and sdp.gov.co did not respond from this network | Cover page reads 'DOCUMENTO TÉCNICO DE SOPORTE - Libro 3. Componente Rural - Julio 2021'; One of seven local volumes and annexes of a single July 2021 technical support document, not a separate book; a September 2021 copy of Libro I is mirrored at concejodebogota.gov.co, and sdp.gov.co did not respond from this network | Cover page reads 'DOCUMENTO TÉCNICO DE SOPORTE - Libro 4. Instrumentos de planeación, gestión y financiación - Julio 2021'; One of seven local volumes and annexes of a single July 2021 technical support document, not a separate book; a September 2021 copy of Libro I is mirrored at concejodebogota.gov.co, and sdp.gov.co did not respond from this network | Cover page reads 'DOCUMENTO TÉCNICO DE SOPORTE - Libro 5. Programas y Proyectos - Julio 2021'; One of seven local volumes and annexes of a single July 2021 technical support document, not a separate book; a September 2021 copy of Libro I is mirrored at concejodebogota.gov.co, and sdp.gov.co did not respond from this network"
OLP-B9EBCD2A5F341487,Acuerdo,1,"Proyecto de Acuerdo del Plan de Ordenamiento Territorial de Bogotá D.C. presentado al Concejo de Bogotá, septiembre de 2021","Alcaldía Mayor de Bogotá, D.C.; Secretaría Distrital de Planeación",Concejo de Bogotá D.C.,2021,legal-document,VERIFIED_NONBOOK,,https://www.sdp.gov.co/micrositios/pot/documentos,url,https://www.sdp.gov.co/micrositios/pot/documentos,OUTSIDE_BOOK_CATALOG_SCOPE,KEEP_EXTERNAL_OR_LOCAL,,"""Proyecto de Acuerdo del Plan de Ordenamiento Territorial de Bogotá D.C. presentado al Concejo de Bogotá, septiembre de 2021"" | ""Proyecto de Acuerdo del Plan de Ordenamiento Territorial de Bogotá D.C. presentado al Concejo de Bogotá, septiembre de 2021"" ""Alcaldía Mayor de Bogotá, D.C.""","463-page draft agreement filed with the Concejo de Bogotá in September 2021, later superseded by Decreto Distrital 555 de 2021; a legislative bill rather than a published book; sdp.gov.co did not respond from this network"
OLP-63840B009ADD2066,DOTS Colombia,1,Desarrollo Orientado al Transporte Sostenible (DOTS): Una prospectiva para Colombia,Julián Rodrigo Quintero González,Universidad Nacional de Colombia,2019,article,VERIFIED_NONBOOK,,https://revistas.unal.edu.co/index.php/bitacora/article/view/65979,doi,10.15446/bitacora.v29n3.65979,OUTSIDE_BOOK_CATALOG_SCOPE,KEEP_EXTERNAL_OR_LOCAL,,"""Desarrollo Orientado al Transporte Sostenible (DOTS): Una prospectiva para Colombia"" | ""Desarrollo Orientado al Transporte Sostenible (DOTS): Una prospectiva para Colombia"" ""Julián Rodrigo Quintero González""","Official Bitácora Urbano Territorial record verifies the title, author, publisher, year, volume, issue, pages, and DOI; this is a journal article rather than a book"
OLP-020A67635190BDE7,Captura de valor,1,Revisão bibliográfica comentada dos fundamentos da Outorga Onerosa do Direito de Construir – OODC,Vera F. Rezende; Fernanda Furtado; M. Teresa C. Oliveira; Pedro Jorgensen Jr.,"Revista de Direito da Cidade, Universidade do Estado do Rio de Janeiro",2011,article,VERIFIED_NONBOOK,,https://www.e-publicacoes.uerj.br/rdc/article/view/9853,url,https://www.e-publicacoes.uerj.br/rdc/article/view/9853,OUTSIDE_BOOK_CATALOG_SCOPE,KEEP_EXTERNAL_OR_LOCAL,,"""Revisão bibliográfica comentada dos fundamentos da Outorga Onerosa do Direito de Construir – OODC"" | ""Revisão bibliográfica comentada dos fundamentos da Outorga Onerosa do Direito de Construir – OODC"" ""Vera F. Rezende""","Journal article, Revista de Direito da Cidade vol. 3 no. 2 (2011), pp. 156-205, with collaboration by Isabela Bacellar; the local PDF's first page and its embedded document title confirm the exact title and the four credited authors; the UERJ e-publicações host did not respond during this session"
OLP-0E0DB8DBE0E26A16,DOTS América Latina,1,Desarrollo urbano orientado a los sistemas de transporte público masivo tipo BRT (Bus Rapid Transit) en Quito y Bogotá,Daniel A. Rodríguez; Erik Vergel; William Fernando Camargo Triana,Lincoln Institute of Land Policy,2014,working-paper,CREATE_CANDIDATE,,https://www.lincolninst.edu/app/uploads/legacy-files/pubfiles/2456_1803_Rodriguez%20WP14DR1SP.pdf,url,https://www.lincolninst.edu/app/uploads/legacy-files/pubfiles/2456_1803_Rodriguez%20WP14DR1SP.pdf,ELIGIBLE_BOOKLIKE,READY_FOR_IMPORT_PREVIEW,,"""Desarrollo urbano orientado a los sistemas de transporte público masivo tipo BRT (Bus Rapid Transit) en Quito y Bogotá"" | ""Desarrollo urbano orientado a los sistemas de transporte público masivo tipo BRT (Bus Rapid Transit) en Quito y Bogotá"" ""Daniel A. Rodríguez""","Official Lincoln Institute working-paper copy verifies the title, authors and supporting author, publisher, 2014 date, and product code WP14DR1SP"
OLP-B2DDC90F423B5844,Captura de valor,1,"Aportes para a melhoria da gestão do transporte público por ônibus de Bogotá, a partir das experiências de Belo Horizonte e Curitiba",Fernando Rojas Parra,Pontificia Universidad Javeriana,2006,article,VERIFIED_NONBOOK,,https://dialnet.unirioja.es/servlet/articulo?codigo=2527104,url,https://dialnet.unirioja.es/servlet/articulo?codigo=2527104,OUTSIDE_BOOK_CATALOG_SCOPE,KEEP_EXTERNAL_OR_LOCAL,,"""Aportes para a melhoria da gestão do transporte público por ônibus de Bogotá, a partir das experiências de Belo Horizonte e Curitiba"" | ""Aportes para a melhoria da gestão do transporte público por ônibus de Bogotá, a partir das experiências de Belo Horizonte e Curitiba"" ""Fernando Rojas Parra""","Papel Político (Bogotá) vol. 11 no. 2, julio-diciembre 2006, pp. 557-594; the local PDF uses a shifted font encoding whose decoded title block and running head confirm the journal, volume, issue and the author's Javeriana affiliation; a journal article, not an Open Library book"
OLP-385320BA9EB60661,Captura de valor,1,Location Value Capture Opportunities for Urban Public Transport Finance,Deborah Salon,Regional Plan Association; Volvo Research and Educational Foundations,2014,white-paper,CREATE_CANDIDATE,,https://www.urbanismnext.org/resources/location-value-capture-opportunities-for-urban-public-transport-finance,url,https://www.urbanismnext.org/resources/location-value-capture-opportunities-for-urban-public-transport-finance,ELIGIBLE_BOOKLIKE,READY_FOR_IMPORT_PREVIEW,,"""Location Value Capture Opportunities for Urban Public Transport Finance"" | ""Location Value Capture Opportunities for Urban Public Transport Finance"" ""Deborah Salon""","Research catalog and bibliographic references verify the canonical title, author, responsible organizations, year, white-paper format, and Transit Leadership Summit context"
OLP-52B97CE4C2372AD2,Smart Growth,1,Effect of Smart Growth Policies on Travel Demand,Maren Outwater; Colin Smith; Jerry Walters; Brian Welch; Robert Cervero; Kara M. Kockelman; J. Richard Kuzmyak,Transportation Research Board,2014,report,CREATE_CANDIDATE,,https://trid.trb.org/View/1248222,isbn_13,9780309272889,ELIGIBLE_BOOKLIKE,READY_FOR_IMPORT_PREVIEW,,"""Effect of Smart Growth Policies on Travel Demand"" | ""Effect of Smart Growth Policies on Travel Demand"" ""Maren Outwater""","TRID and National Academies metadata verify title, authors, publisher, report S2-C16-RR-1, pagination, date, and checksum-valid ISBN"
OLP-4321B84409E4C4E0,Captura de valor,1,Recuperación de plusvalías para el desarrollo urbano: una comparación inter-americana,Martim O. Smolka; David Amborski,"Instituto de Estudios Urbanos y Territoriales, Pontificia Universidad Católica de Chile",2003,article,VERIFIED_NONBOOK,,https://doi.org/10.4067/S0250-71612003008800003,doi,10.4067/S0250-71612003008800003,OUTSIDE_BOOK_CATALOG_SCOPE,KEEP_EXTERNAL_OR_LOCAL,,"""Recuperación de plusvalías para el desarrollo urbano: una comparación inter-americana"" | ""Recuperación de plusvalías para el desarrollo urbano: una comparación inter-americana"" ""Martim O. Smolka""","Revista EURE vol. XXIX no. 88, Santiago de Chile, diciembre 2003, pp. 55-77; the local PDF's first page carries that exact citation line and the DOI resolves to the matching SciELO Chile record; a journal article, not an Open Library book"
OLP-16F8F195029B6B73,DOTS Europa & Estados Unidos,1,"Traveler Response to Transportation System Changes Handbook, Third Edition: Chapter 17, Transit-Oriented Development",John E. Evans IV; Richard H. Pratt; Andrew Stryker; J. Richard Kuzmyak,Transportation Research Board,2007,report,CREATE_CANDIDATE,,https://www.nationalacademies.org/publications/14077,doi,10.17226/14077,ELIGIBLE_BOOKLIKE,READY_FOR_IMPORT_PREVIEW,,"""Traveler Response to Transportation System Changes Handbook, Third Edition: Chapter 17, Transit-Oriented Development"" | ""Traveler Response to Transportation System Changes Handbook, Third Edition: Chapter 17, Transit-Oriented Development"" ""John E. Evans IV""","Official National Academies metadata verifies title, date, DOI, and ISBN; the existing Open Library ISBN hit is bibliographically unrelated"
OLP-4E84292D3118AD41,Captura de valor,1,Land Value Capture: Annexes,Transport for London; Greater London Authority,Transport for London; Greater London Authority,2017,report,CREATE_CANDIDATE,,https://www.london.gov.uk/sites/default/files/land_value_capture_report_annexes_transport_for_london.pdf,url,https://www.london.gov.uk/sites/default/files/land_value_capture_report_annexes_transport_for_london.pdf,ELIGIBLE_BOOKLIKE,READY_FOR_IMPORT_PREVIEW,,"""Land Value Capture: Annexes"" | ""Land Value Capture: Annexes"" ""Transport for London""","Official London government PDF verifies the canonical title, joint responsible organizations, February 2017 final version date, annex structure, and report format"
OLP-367223DD52A48145,Captura de valor,1,Rentas inmobiliarias privadas en la distribución de cargas y beneficios de los proyectos urbanos: estudio del polígono de la estación Andalucía del Metrocable de Medellín,María Patricia Tobón Molina,"Universidad Nacional de Colombia, Sede Medellín",2012,dissertation,CREATE_CANDIDATE,,,local_work,OLP-367223DD52A48145,ELIGIBLE_BOOKLIKE,NEEDS_AUTHORITY_SOURCE,,"""Rentas inmobiliarias privadas en la distribución de cargas y beneficios de los proyectos urbanos: estudio del polígono de la estación Andalucía del Metrocable de Medellín"" | ""Rentas inmobiliarias privadas en la distribución de cargas y beneficios de los proyectos urbanos: estudio del polígono de la estación Andalucía del Metrocable de Medellín"" ""María Patricia Tobón Molina""","Title page and degree page verify the title, the author, the February 2012 date, the director Henry Quesada Gómez and the degree 'Trabajo final de Maestría en Estudios Urbano Regionales' at the Facultad de Arquitectura, UNAL Medellín; no reachable repositorio.unal.edu.co record was located, so an authoritative URL is still outstanding"
OLP-95A003A24DBB91FF,Teoria DOTS,1,Transit-Oriented Development (TOD) and Employment,Dena Belzer; Sujata Srivastava; Jeff Wood; Ellen Greenberg,Center for Transit-Oriented Development,2011,report,CREATE_CANDIDATE,,https://trid.trb.org/View/1111817,url,https://trid.trb.org/View/1111817,ELIGIBLE_BOOKLIKE,READY_FOR_IMPORT_PREVIEW,,"""Transit-Oriented Development (TOD) and Employment"" | ""Transit-Oriented Development (TOD) and Employment"" ""Dena Belzer""","TRID verifies the report title, authors, date, publisher, pagination, and FTA report number"
OLP-ACA53318940E8516,Proyectos DOTS,1,Corredor Verde – TOD NAMA Cali: proyecto Sendero ecológico Río Lili,Hanae Tanaka,,2018,presentation,VERIFIED_NONBOOK,,,local_work,OLP-ACA53318940E8516,OUTSIDE_BOOK_CATALOG_SCOPE,KEEP_EXTERNAL_OR_LOCAL,publisher,"""Corredor Verde – TOD NAMA Cali: proyecto Sendero ecológico Río Lili"" | ""Corredor Verde – TOD NAMA Cali: proyecto Sendero ecológico Río Lili"" ""Hanae Tanaka""","Slide deck dated 18 December 2018 in the PDF metadata, presenting the Cali pilot of the Colombia TOD-NAMA on the Simón Bolívar corridor; the deck carries TOD-NAMA branding but names no publishing entity, and the author is taken from the PDF metadata; a presentation, not an Open Library book"
OLP-00C26896F1C3DC3A,Proyectos DOTS,1,TOD NAMA Manizales: Renace el Centro,Findeter; Alcaldía de Manizales,Findeter,2021,presentation,VERIFIED_NONBOOK,,https://manizales.gov.co/wp-content/uploads/Informe-Manizales-M%C3%A1s-Oportunidades-2016-2019.pdf,url,https://manizales.gov.co/wp-content/uploads/Informe-Manizales-M%C3%A1s-Oportunidades-2016-2019.pdf,OUTSIDE_BOOK_CATALOG_SCOPE,KEEP_EXTERNAL_OR_LOCAL,,"""TOD NAMA Manizales: Renace el Centro"" | ""TOD NAMA Manizales: Renace el Centro"" ""Findeter""",Ten-page image-only project brochure/presentation; title and responsible institutions verified visually and the official city report corroborates the project
OLP-F38EF1AE1F13DEDF,Planeación territorial,1,Land Use and Transport: Research and Policy Challenges,Bert van Wee,Elsevier,2002,article,VERIFIED_NONBOOK,,https://research.tudelft.nl/en/publications/land-use-and-transport-research-and-policy-challenges/,doi,10.1016/S0966-6923(02)00041-8,OUTSIDE_BOOK_CATALOG_SCOPE,KEEP_EXTERNAL_OR_LOCAL,,"""Land Use and Transport: Research and Policy Challenges"" | ""Land Use and Transport: Research and Policy Challenges"" ""Bert van Wee""","TU Delft research record verifies the journal article title, author, publisher, date, journal, volume, issue, pages, and DOI"
OLP-2E9C2B9EC45A6B28,DOTS América Latina,1,"¿Es la densidad suficiente? Análisis de la relación entre la densidad poblacional y la demanda de pasajeros en los sistemas de transporte público masivo tipo BRT (Bus Rapid Transit) en Curitiba, Quito y Bogotá",C. Erik Vergel-Tovar,International Institute for Environment and Development–Latin America,2019,article,VERIFIED_NONBOOK,,https://www.ingentaconnect.com/contentone/iieal/meda/2019/00000090/00000001/art00005,url,https://www.ingentaconnect.com/contentone/iieal/meda/2019/00000090/00000001/art00005,OUTSIDE_BOOK_CATALOG_SCOPE,KEEP_EXTERNAL_OR_LOCAL,,"""¿Es la densidad suficiente? Análisis de la relación entre la densidad poblacional y la demanda de pasajeros en los sistemas de transporte público masivo tipo BRT (Bus Rapid Transit) en Curitiba, Quito y Bogotá"" | ""¿Es la densidad suficiente? Análisis de la relación entre la densidad poblacional y la demanda de pasajeros en los sistemas de transporte público masivo tipo BRT (Bus Rapid Transit) en Curitiba, Quito y Bogotá"" ""C. Erik Vergel-Tovar""","Author CV and journal issue references verify the canonical title, author, journal, issue 90, August 2019 date, and article format"
OLP-0EAB8D955B5ACAB5,Proyectos DOTS,1,Estación Calle 26 – Estudio DOT: reporte final. Estructuración de un modelo de transacción para movilizar financiamiento privado en apoyo a la estrategia de Desarrollo Orientado al Transporte Público de la Primera Línea del Metro de Bogotá,JLL,World Bank Group,2021,report,CREATE_CANDIDATE,,,local_work,OLP-0EAB8D955B5ACAB5,ELIGIBLE_BOOKLIKE,NEEDS_AUTHORITY_SOURCE,,"""Estación Calle 26 – Estudio DOT: reporte final. Estructuración de un modelo de transacción para movilizar financiamiento privado en apoyo a la estrategia de Desarrollo Orientado al Transporte Público de la Primera Línea del Metro de Bogotá"" | ""Estación Calle 26 – Estudio DOT: reporte final. Estructuración de un modelo de transacción para movilizar financiamiento privado en apoyo a la estrategia de Desarrollo Orientado al Transporte Público de la Primera Línea del Metro de Bogotá"" ""JLL""","Cover verifies the title, the label 'Reporte Final', the date 20 September 2021 and the World Bank trust-fund reference TF072644; the PDF author field is a worldbank.org address and the text states that the World Bank contracted JLL; no public World Bank Open Knowledge record was located, so an authoritative URL is still outstanding"
OLP-0E6D06EDEF964CC9,Captura de valor,1,Joint Development Policies and Guidelines,Washington Metropolitan Area Transit Authority,Washington Metropolitan Area Transit Authority,2013,guidelines,CREATE_CANDIDATE,,https://www.wmata.com/about/board/upload/Joint-Development-Policies-2013-07-25.pdf,url,https://www.wmata.com/about/board/upload/Joint-Development-Policies-2013-07-25.pdf,ELIGIBLE_BOOKLIKE,READY_FOR_IMPORT_PREVIEW,,"""Joint Development Policies and Guidelines"" | ""Joint Development Policies and Guidelines"" ""Washington Metropolitan Area Transit Authority""","Official WMATA document and FHWA resource catalog verify the canonical title, responsible organization, publisher, revised date of 25 July 2013, and guideline format"
OLP-E0E07EC9B49B55E4,DOTS Europa & Estados Unidos,1,WMATA Transit-Oriented Development in Maryland,Washington Metropolitan Area Transit Authority,Washington Metropolitan Area Transit Authority,2013,presentation,VERIFIED_NONBOOK,,https://planning.maryland.gov/Documents/Our-Engagement/773/2013/WMATA-TOD-Presentation072213.pdf,url,https://planning.maryland.gov/Documents/Our-Engagement/773/2013/WMATA-TOD-Presentation072213.pdf,OUTSIDE_BOOK_CATALOG_SCOPE,KEEP_EXTERNAL_OR_LOCAL,,"""WMATA Transit-Oriented Development in Maryland"" | ""WMATA Transit-Oriented Development in Maryland"" ""Washington Metropolitan Area Transit Authority""","Official Maryland planning-hosted presentation verifies the title, responsible organization, audience, date of 22 July 2013, and presentation format"
OLP-E31F959FB1C02D84,Teoria DOTS,1,Transforming the Urban Space through Transit-Oriented Development: The 3V Approach,Serge Salat; Gerald Ollivier,World Bank,2017,book,CREATE_CANDIDATE,,https://www.worldbank.org/en/topic/transport/publication/transforming-the-urban-space-through-transit-oriented-development-the-3v-approach,doi,10.1596/26405,ELIGIBLE_BOOKLIKE,READY_FOR_IMPORT_PREVIEW,,"""Transforming the Urban Space through Transit-Oriented Development: The 3V Approach"" | ""Transforming the Urban Space through Transit-Oriented Development: The 3V Approach"" ""Serge Salat""","Official World Bank publication page and repository record verify title, authors, publisher, year, report number 113822, and DOI"
