list_name,local_work_id,canonical_title,document_type,mapping_status,mapping_confidence,primary_identifier_type,primary_identifier,ol_work_key,openlibrary_action,local_pdf_count,local_paths_json
Acuerdo,OLP-B9EBCD2A5F341487,"Proyecto de Acuerdo del Plan de Ordenamiento Territorial de Bogotá D.C. presentado al Concejo de Bogotá, septiembre de 2021",legal-document,AUTHORITY_MAPPED,1.000,url,https://www.sdp.gov.co/micrositios/pot/documentos,,EXTERNAL_OR_LOCAL_ONLY,1,"[""5 DOT y planeación urbana (Gregor Wessels)/DOTS América Latina/DOTS Colombia/Proyecto Política nacional DOTS (CCAP-SIGMA-DESPACIO)/Bogotá/POT Bogotá 2022- Documentos relevantes DOTS/Acuerdo/proyecto-de-acuerdo-pot-2021_concejo.pdf""]"
Atlas de Accesibilidad y Conectividad,OLP-22E6A75FA2052F64,Atlas de Accesibilidad y Conectividad de la Zona Metropolitana del Valle de México,report,AUTHORITY_MAPPED,1.000,url,https://wrimexico.org/sites/default/files/Informe%20Institucional%20WRI.pdf,,CREATE_RECORD_CANDIDATE,5,"[""5 DOT y planeación urbana (Gregor Wessels)/Atlas de Accesibilidad y Conectividad/atlas_introduccion.pdf"", ""5 DOT y planeación urbana (Gregor Wessels)/Atlas de Accesibilidad y Conectividad/atlas_seccion1_generalidades.pdf"", ""5 DOT y planeación urbana (Gregor Wessels)/Atlas de Accesibilidad y Conectividad/atlas_seccion2_sociodemografico.pdf"", ""5 DOT y planeación urbana (Gregor Wessels)/Atlas de Accesibilidad y Conectividad/atlas_seccion3_sociodeconomico.pdf"", ""5 DOT y planeación urbana (Gregor Wessels)/Atlas de Accesibilidad y Conectividad/atlas_seccion4_proximidad_peatonal_movilidadnomotorizada.pdf""]"
Bogota 21 Transit-oriented Metropolis,OLP-932A761B1468DA4F,"Bogotá 21: Towards a World-Class, Transit-Oriented Metropolis",report,AUTHORITY_MAPPED,1.000,isbn_13,9789585767409,,CREATE_RECORD_CANDIDATE,3,"[""5 DOT y planeación urbana (Gregor Wessels)/DOTS América Latina/DOTS Colombia/Bogota 21 Transit-oriented Metropolis/Bogota 21 engish digital 31-10-12.pdf"", ""5 DOT y planeación urbana (Gregor Wessels)/DOTS América Latina/DOTS Colombia/Bogota 21 Transit-oriented Metropolis/Bogota 21 espanol digital 31-10-12.pdf"", ""5 DOT y planeación urbana (Gregor Wessels)/DOTS América Latina/DOTS Colombia/Bogota 21 Transit-oriented Metropolis/Bogota 21_Towards a worldclass transit-oriented Metropolis.pdf""]"
Captura de valor,OLP-E4865A5A59DD2880,A methodological proposal to estimate changes of residential property value: case study developed in Bogotá,journal-article,AUTHORITY_MAPPED,1.000,doi,10.1080/13504851.2011.554360,,EXTERNAL_OR_LOCAL_ONLY,1,"[""5 DOT y planeación urbana (Gregor Wessels)/Captura de valor/PERDOMO JA 2013 A methodological proposal to estimate changes of residential property value. case study in Bogota..pdf""]"
Captura de valor,OLP-B2DDC90F423B5844,"Aportes para a melhoria da gestão do transporte público por ônibus de Bogotá, a partir das experiências de Belo Horizonte e Curitiba",article,AUTHORITY_MAPPED,1.000,url,https://dialnet.unirioja.es/servlet/articulo?codigo=2527104,,EXTERNAL_OR_LOCAL_ONLY,1,"[""5 DOT y planeación urbana (Gregor Wessels)/Captura de valor/ROJASF~1.PDF""]"
Captura de valor,OLP-8A78778A1392DEDD,Capitalization of BRT network expansions effects into prices of non-expansion areas,journal-article,AUTHORITY_MAPPED,1.000,doi,10.1016/j.tra.2009.02.003,,EXTERNAL_OR_LOCAL_ONLY,1,"[""5 DOT y planeación urbana (Gregor Wessels)/Captura de valor/X. BOG BRT prices Rodriguez & Mojica 2009.pdf""]"
Captura de valor,OLP-CB3DFDBF714E54AE,"Creación y captura de valor para el desarrollo de proyectos de transporte: Informe 3, informe final",consultant-report,AUTHORITY_MAPPED,1.000,isbn_13,9789804221279,,CREATE_RECORD_CANDIDATE,1,"[""5 DOT y planeación urbana (Gregor Wessels)/Captura de valor/CAF (2014) Creación y captura valor para proyectos de transporte.pdf""]"
Captura de valor,OLP-27586CE5990FBBC5,Estrategias de captura de valor para financiar la construcción del metro de Bogotá: instrumentos y potencial,presentation,AUTHORITY_MAPPED,1.000,local_work,OLP-27586CE5990FBBC5,,EXTERNAL_OR_LOCAL_ONLY,1,"[""5 DOT y planeación urbana (Gregor Wessels)/Captura de valor/GUZMAN, PAEZ y BORRERO CIE UANDES PPT estrategia de captura de valor para financiar la construccion del metro de Bogota.pdf""]"
Captura de valor,OLP-52F1B58424ED5562,Estrategias y mejores prácticas en captura de valor inmobiliario para mega proyectos de transporte masivo: conclusiones y recomendaciones,presentation,AUTHORITY_MAPPED,1.000,local_work,OLP-52F1B58424ED5562,,EXTERNAL_OR_LOCAL_ONLY,1,"[""5 DOT y planeación urbana (Gregor Wessels)/Captura de valor/Curso Captura Valor Conclusiones  20180921.pdf""]"
Captura de valor,OLP-66098650F7D56B79,Estrategias y mejores prácticas en captura de valor inmobiliario para mega proyectos de transporte masivo: informe final,report,AUTHORITY_MAPPED,1.000,local_work,OLP-66098650F7D56B79,,CREATE_RECORD_CANDIDATE,1,"[""5 DOT y planeación urbana (Gregor Wessels)/Captura de valor/Informe Final Curso Captura de valor (Ago2018) 20180920.pdf""]"
Captura de valor,OLP-BB35DB4F220AA6B9,Experience with the Betterment Levy in Peru,working-paper,AUTHORITY_MAPPED,1.000,url,https://www.lincolninst.edu/app/uploads/2024/04/1558_783_Land20Lines20Jan20200920final.pdf,,CREATE_RECORD_CANDIDATE,1,"[""5 DOT y planeación urbana (Gregor Wessels)/Captura de valor/Experience with the betterment levy in Peru. Gamarra Huayapa English Final.pdf""]"
Captura de valor,OLP-9E1735A37AC794F1,Financing Transit Systems Through Value Capture,journal-article,AUTHORITY_MAPPED,0.917,doi,10.1111/j.1536-7150.2006.00474.x,,EXTERNAL_OR_LOCAL_ONLY,1,"[""5 DOT y planeación urbana (Gregor Wessels)/Captura de valor/SMITH JEFFERY GIHRING THOMAS Financing transist systems through land value capture.pdf""]"
Captura de valor,OLP-CE42BA927A24C8A1,Financing Transit-Oriented Development with Land Values: Adapting Land Value Capture in Developing Countries,book,OPENLIBRARY_LINKED,1.000,openlibrary_work,/works/OL22324214W,/works/OL22324214W,READY_TO_ADD,2,"[""5 DOT y planeación urbana (Gregor Wessels)/Captura de valor/Suzuki.pdf"", ""5 DOT y planeación urbana (Gregor Wessels)/Captura de valor/World Bank 2015 financing with value capture.pdf""]"
Captura de valor,OLP-8626997ABCDFB9BA,Instrumentos de financiación del desarrollo urbano en Colombia: la contribución por valorización y la participación en plusvalías. Lecciones y reflexiones,article,AUTHORITY_MAPPED,1.000,doi,10.12804/revistas.urosario.edu.co/desafios/a.1289,,EXTERNAL_OR_LOCAL_ONLY,1,"[""5 DOT y planeación urbana (Gregor Wessels)/Captura de valor/Instrumentos de financiacion del desarrollo urbano, lecciones colombia Acosta Patricia.pdf""]"
Captura de valor,OLP-CE01BCC2388CDD0E,Insumos para la aplicación de Certificados de Potencial Adicional de Construcción en la ciudad de Cali,report,AUTHORITY_MAPPED,1.000,url,https://ideas.repec.org/p/col/000124/012155.html,,CREATE_RECORD_CANDIDATE,1,"[""5 DOT y planeación urbana (Gregor Wessels)/Captura de valor/Insumos-para-la-aplicación-de-Certificados-de-Potencial-Adicional-de-Construcción-en-la-ciudad-de-Cali-CEPAC.pdf""]"
Captura de valor,OLP-0E6D06EDEF964CC9,Joint Development Policies and Guidelines,guidelines,AUTHORITY_MAPPED,1.000,url,https://www.wmata.com/about/board/upload/Joint-Development-Policies-2013-07-25.pdf,,CREATE_RECORD_CANDIDATE,1,"[""5 DOT y planeación urbana (Gregor Wessels)/Captura de valor/Joint-Development-Policies-2013-07-25.pdf""]"
Captura de valor,OLP-B06DF104220F04E5,Land Value Capture as a Source of Funding of Public Transit for Greater Montréal,report,AUTHORITY_MAPPED,1.000,url,https://files.newswire.ca/1362/Land_Value.pdf,,CREATE_RECORD_CANDIDATE,1,"[""5 DOT y planeación urbana (Gregor Wessels)/Captura de valor/NBC-CA-Land-ValueCapture2.pdf""]"
Captura de valor,OLP-394BD7E184699A63,Land value capture mechanisms in Hong Kong and Singapore,journal-article,AUTHORITY_MAPPED,1.000,doi,10.1108/14635780410525153,,EXTERNAL_OR_LOCAL_ONLY,1,"[""5 DOT y planeación urbana (Gregor Wessels)/Captura de valor/Land value capture mechanisms in Hong Kong and Singapore_2004.pdf""]"
Captura de valor,OLP-4E84292D3118AD41,Land Value Capture: Annexes,report,AUTHORITY_MAPPED,1.000,url,https://www.london.gov.uk/sites/default/files/land_value_capture_report_annexes_transport_for_london.pdf,,CREATE_RECORD_CANDIDATE,1,"[""5 DOT y planeación urbana (Gregor Wessels)/Captura de valor/TfL (2017) - land_value_capture_report_annexes_transport_for_london.pdf""]"
Captura de valor,OLP-FA52DE6F26DB5017,Las diferencias en la aplicación de instrumentos de planificación y,proceedings-article,AUTHORITY_MAPPED,1.000,url,https://anpur.org.br/site/anais/ena14/ARQUIVOS/GT1-1133-756-20110106190706.pdf,,EXTERNAL_OR_LOCAL_ONLY,1,"[""5 DOT y planeación urbana (Gregor Wessels)/Captura de valor/DIAZ FABIAN ALBERTO 2011 Las diferencias de aplicacion de instrumentos ANPUR.pdf""]"
Captura de valor,OLP-385320BA9EB60661,Location Value Capture Opportunities for Urban Public Transport Finance,white-paper,AUTHORITY_MAPPED,1.000,url,https://www.urbanismnext.org/resources/location-value-capture-opportunities-for-urban-public-transport-finance,,CREATE_RECORD_CANDIDATE,1,"[""5 DOT y planeación urbana (Gregor Wessels)/Captura de valor/TLS-2014-Research-Paper-Value-Capture.pdf""]"
Captura de valor,OLP-BCC4D9D43AF8A3F7,Movilización social de la valorización de la tierra: casos latinoamericanos,book,AUTHORITY_MAPPED,1.000,url,https://www.lincolninst.edu/publications/other/movilizacion-social-la-valorizacion-la-tierra,,CREATE_RECORD_CANDIDATE,1,"[""5 DOT y planeación urbana (Gregor Wessels)/Captura de valor/SALGAD~1.PDF""]"
Captura de valor,OLP-D52DA0D08AB2BBE6,Opportunities and Risks of Capturing Land Values Under Hong Kong's Leasehold System,report,AUTHORITY_MAPPED,1.000,url,https://www.lincolninst.edu/app/uploads/2024/04/65_honglam98_1.pdf,,CREATE_RECORD_CANDIDATE,1,"[""5 DOT y planeación urbana (Gregor Wessels)/Captura de valor/LandRentCaptureHongKong_1998.pdf""]"
Captura de valor,OLP-74079746AA6C346B,"Planning, connecting, and financing cities--now",journal-article,OPENLIBRARY_LINKED,0.995,openlibrary_work,/works/OL23221866W,/works/OL23221866W,READY_TO_ADD,1,"[""5 DOT y planeación urbana (Gregor Wessels)/Captura de valor/BANCO MUNDIAL 2013 Urbanization-Planning-Connecting-Financing.pdf""]"
Captura de valor,OLP-107AD4B268EAD126,Policy Learning: New Challenges for Smart Value Capture in Colombia,dissertation,AUTHORITY_MAPPED,1.000,url,https://hdl.handle.net/1721.1/44373,,CREATE_RECORD_CANDIDATE,1,"[""5 DOT y planeación urbana (Gregor Wessels)/Captura de valor/ACOSTA PATRICIA 2008 Policy Learningn new Challenges for Smart Value capture in colombia.pdf""]"
Captura de valor,OLP-604DD9D9B0AC494F,"Public Transportation: Federal Role in Value Capture Strategies for Transit Is Limited, but Additional Guidance Could Help Clarify Policies",report,OPENLIBRARY_LINKED,1.000,openlibrary_work,/works/OL32187232W,/works/OL32187232W,READY_TO_ADD,1,"[""5 DOT y planeación urbana (Gregor Wessels)/Captura de valor/TRB Land value capture d10781.pdf""]"
Captura de valor,OLP-4321B84409E4C4E0,Recuperación de plusvalías para el desarrollo urbano: una comparación inter-americana,article,AUTHORITY_MAPPED,1.000,doi,10.4067/S0250-71612003008800003,,EXTERNAL_OR_LOCAL_ONLY,1,"[""5 DOT y planeación urbana (Gregor Wessels)/Captura de valor/SMOLKA-AMBORSKI Recuperación de plusvalias comparación Inter-america.pdf""]"
Captura de valor,OLP-367223DD52A48145,Rentas inmobiliarias privadas en la distribución de cargas y beneficios de los proyectos urbanos: estudio del polígono de la estación Andalucía del Metrocable de Medellín,dissertation,AUTHORITY_MAPPED,1.000,local_work,OLP-367223DD52A48145,,CREATE_RECORD_CANDIDATE,1,"[""5 DOT y planeación urbana (Gregor Wessels)/Captura de valor/TOBON MARIA PATRICIA MOLINA Rentas inmobiliarias-cargas y beneficios metrocable.pdf""]"
Captura de valor,OLP-020A67635190BDE7,Revisão bibliográfica comentada dos fundamentos da Outorga Onerosa do Direito de Construir – OODC,article,AUTHORITY_MAPPED,1.000,url,https://www.e-publicacoes.uerj.br/rdc/article/view/9853,,EXTERNAL_OR_LOCAL_ONLY,1,"[""5 DOT y planeación urbana (Gregor Wessels)/Captura de valor/REZENDE VERA FURTADO FERNANDA Revisao bibliografica comentada dos fundamentos da outorga onerosa do direito de construir OODC.pdf""]"
Captura de valor,OLP-1BB1281209DDE5A8,The Effects of Land Policy on Urban Land Prices in Bogotá,working-paper,AUTHORITY_MAPPED,1.000,url,https://www.lincolninst.edu/publications/working-papers/effects-land-policy-urban-land-prices-bogota/,,CREATE_RECORD_CANDIDATE,1,"[""5 DOT y planeación urbana (Gregor Wessels)/Captura de valor/Impactos_Regulaciones_Precios-Borrero_Oscar-2007.pdf""]"
Captura de valor,OLP-73CDBB96E8BF73B1,Una nueva mirada a la recuperación de plusvalías en América Latina,article,AUTHORITY_MAPPED,1.000,url,https://www.lincolninst.edu/app/uploads/legacy-files/pubfiles/2137_1462_Una_nueva_mirada_a_la_recuperacion_de_plusvalias_0712LLSP.pdf,,EXTERNAL_OR_LOCAL_ONLY,1,"[""5 DOT y planeación urbana (Gregor Wessels)/Captura de valor/SMOLKA MARTIM 2012 Una nueva mirada a la recuperacion de_plusvalias.pdf""]"
Captura de valor,OLP-8D8DB88A04DB69ED,Value Capture for Funding Colombian BRTS Infrastructure: The Case of Transmilenio in Bogotá,dissertation,AUTHORITY_MAPPED,1.000,local_work,OLP-8D8DB88A04DB69ED,,CREATE_RECORD_CANDIDATE,1,"[""5 DOT y planeación urbana (Gregor Wessels)/Captura de valor/X. Mendoza - Master Thesis - Value capture for funding Colombian BRTs.pdf""]"
Captura de valor,OLP-E95272A13E76C8F1,Value Capture from Transit-Oriented Development and Other Transportation Interchanges,consultant-report,AUTHORITY_MAPPED,1.000,url,https://www.citiesalliance.org/sites/default/files/value_capture_transit.pdf,,CREATE_RECORD_CANDIDATE,1,"[""5 DOT y planeación urbana (Gregor Wessels)/Captura de valor/value_capture_transit.pdf""]"
Captura de valor,OLP-C85942E9DBEFF98B,Value Capture: A Valid Means of Funding PPPs?,article,AUTHORITY_MAPPED,1.000,doi,10.1111/faam.12083,,EXTERNAL_OR_LOCAL_ONLY,1,"[""5 DOT y planeación urbana (Gregor Wessels)/Captura de valor/Connolly_et_al-2016-Financial_Accountability_&_Management.pdf""]"
Captura de valor,OLP-8AD090A8A0C9E528,"Walking accessibility to bus rapid transit: Does it affect property values? The case of Bogotá, Colombia",journal-article,AUTHORITY_MAPPED,1.000,doi,10.1016/j.tranpol.2009.11.002,,EXTERNAL_OR_LOCAL_ONLY,1,"[""5 DOT y planeación urbana (Gregor Wessels)/Captura de valor/MUNOS-RASKIN RAMON 2009 walking accessibility to bus rapid transit. does it affect property values the case of bogota.pdf""]"
Carto,OLP-96C978E03B2B52BD,CG-7 Actuaciones Estratégicas,map,AUTHORITY_MAPPED,1.000,url,https://concejodebogota.gov.co/consulte-aqui-los-documentos-radicados-por-la-administracion-distrital/cbogota/2021-09-11/121910.php,,EXTERNAL_OR_LOCAL_ONLY,1,"[""5 DOT y planeación urbana (Gregor Wessels)/DOTS América Latina/DOTS Colombia/Proyecto Política nacional DOTS (CCAP-SIGMA-DESPACIO)/Bogotá/POT Bogotá 2022- Documentos relevantes DOTS/Carto/cg-7_actuaciones_estrategicas.pdf""]"
Conpes Movilidad Sostenible,OLP-05513FA2D4E37FDF,Documento CONPES 3991: Política Nacional de Movilidad Urbana y Regional,report,AUTHORITY_MAPPED,1.000,url,https://colaboracion.dnp.gov.co/CDT/Conpes/Econ%C3%B3micos/3991.pdf,,CREATE_RECORD_CANDIDATE,1,"[""5 DOT y planeación urbana (Gregor Wessels)/DOTS América Latina/DOTS Colombia/Proyecto Política nacional DOTS (CCAP-SIGMA-DESPACIO)/Conpes Movilidad Sostenible/Conpes_3991.pdf""]"
Desarrollo orientado al tranporte sustentable,OLP-D77477A4D388B6B0,Manual: Desarrollo Orientado al Transporte Sustentable (DOTS),manual,AUTHORITY_MAPPED,1.000,url,https://es.wri.org/publicaciones/manual-desarrollo-orientado-al-transporte-sustentable,,CREATE_RECORD_CANDIDATE,8,"[""5 DOT y planeación urbana (Gregor Wessels)/Teoria DOTS/Desarrollo orientado al tranporte sustentable/DOTS_bibliografia_glosario_creditos.pdf"", ""5 DOT y planeación urbana (Gregor Wessels)/Teoria DOTS/Desarrollo orientado al tranporte sustentable/DOTS_Quienes_Participan_Agradecimientos.pdf"", ""5 DOT y planeación urbana (Gregor Wessels)/Teoria DOTS/Desarrollo orientado al tranporte sustentable/DOTS_seccion1_porque_importante.pdf"", ""5 DOT y planeación urbana (Gregor Wessels)/Teoria DOTS/Desarrollo orientado al tranporte sustentable/DOTS_seccion2_a_que_es.pdf"", ""5 DOT y planeación urbana (Gregor Wessels)/Teoria DOTS/Desarrollo orientado al tranporte sustentable/DOTS_seccion2_b_que_es.pdf"", ""5 DOT y planeación urbana (Gregor Wessels)/Teoria DOTS/Desarrollo orientado al tranporte sustentable/DOTS_seccion3_como_hacer.pdf"", ""5 DOT y planeación urbana (Gregor Wessels)/Teoria DOTS/Desarrollo orientado al tranporte sustentable/DOTS_seccion4_hacia_donde_vamos_0.pdf"", ""5 DOT y planeación urbana (Gregor Wessels)/Teoria DOTS/Desarrollo orientado al tranporte sustentable/DOTS_seccion5_anexos.pdf""]"
DOT estándar,OLP-85AB90E8B5FAB2BB,Performance-Based Transit-Oriented Development Typology Guidebook,guidebook,AUTHORITY_MAPPED,1.000,url,https://trid.trb.org/View/1097129,,CREATE_RECORD_CANDIDATE,1,"[""5 DOT y planeación urbana (Gregor Wessels)/DOT estándar/FINAL_PerformanceBasedTODTypologyGuidebook_FINAL.pdf""]"
DOT estándar,OLP-51E642A9964AB05B,"TOD Standard, Version 2.1",manual,AUTHORITY_MAPPED,1.000,url,https://www.itdp.in/wp-content/uploads/2014/04/01.TOD-Standard_Final.pdf,,CREATE_RECORD_CANDIDATE,3,"[""5 DOT y planeación urbana (Gregor Wessels)/DOT estándar/DOT Estándar 2.1 (Copia en conflicto de Despacio org 2024-11-15).pdf"", ""5 DOT y planeación urbana (Gregor Wessels)/DOT estándar/DOT Estándar 2.1.pdf"", ""5 DOT y planeación urbana (Gregor Wessels)/DOT estándar/ITDP TOD Standard_Final_ITDP.pdf""]"
DOTS América Latina,OLP-2105907BF1D027D1,Bus rapid transit impacts on land uses and development over time in Bogotá and Quito,journal-article,AUTHORITY_MAPPED,0.948,doi,10.5198/jtlu.2022.1888,,EXTERNAL_OR_LOCAL_ONLY,1,"[""5 DOT y planeación urbana (Gregor Wessels)/DOTS América Latina/VergelTovar-Busrapidtransit-2022.pdf""]"
DOTS América Latina,OLP-CB3DFDBF714E54AE,"Creación y captura de valor para el desarrollo de proyectos de transporte: Informe 3, informe final",consultant-report,AUTHORITY_MAPPED,1.000,isbn_13,9789804221279,,CREATE_RECORD_CANDIDATE,1,"[""5 DOT y planeación urbana (Gregor Wessels)/DOTS América Latina/1 Creacion y captura de valor para el desarrollo de proyectos de transporte-28feb.pdf""]"
DOTS América Latina,OLP-464646C12F911A65,Desarrollo orientado al transporte: una evaluación de tendencias y oportunidades para América Latina,discussion-paper,AUTHORITY_MAPPED,1.000,doi,10.18235/0003802,,CREATE_RECORD_CANDIDATE,1,"[""5 DOT y planeación urbana (Gregor Wessels)/DOTS América Latina/DOTS_Latam.pdf""]"
DOTS América Latina,OLP-0E0DB8DBE0E26A16,Desarrollo urbano orientado a los sistemas de transporte público masivo tipo BRT (Bus Rapid Transit) en Quito y Bogotá,working-paper,AUTHORITY_MAPPED,1.000,url,https://www.lincolninst.edu/app/uploads/legacy-files/pubfiles/2456_1803_Rodriguez%20WP14DR1SP.pdf,,CREATE_RECORD_CANDIDATE,1,"[""5 DOT y planeación urbana (Gregor Wessels)/DOTS América Latina/Rodriguez Vergel 2014Mar13 BRT-OD Bogota Quito.pdf""]"
DOTS América Latina,OLP-F7F89E82B5B53BA6,DOTS Cidades: Manual de Desenvolvimento Urbano Orientado ao Transporte Sustentável,manual,AUTHORITY_MAPPED,1.000,url,https://www.mpsp.mp.br/portal/page/portal/documentacao_e_divulgacao/doc_biblioteca/bibli_servicos_produtos/BibliotecaDigital/BibDigitalLivros/TodosOsLivros/DOTS_Cidades--Manual_de_Desenvolvimento_Urbano_Orientado_ao_Transporte_Sustentavel.pdf,,CREATE_RECORD_CANDIDATE,1,"[""5 DOT y planeación urbana (Gregor Wessels)/DOTS América Latina/DOTS Cidades - EMBARQ Brasil.pdf""]"
DOTS América Latina,OLP-BA8A881E724F2379,"Economy, Environment & Culture in Latin America: A Comparative Study of National Planning in Brazil and Mexico",book,AUTHORITY_MAPPED,1.000,isbn_13,9786139845675,,CREATE_RECORD_CANDIDATE,1,"[""5 DOT y planeación urbana (Gregor Wessels)/DOTS América Latina/Economy, environment and culture in Latin America - David Edelman.pdf""]"
DOTS América Latina,OLP-D0DCBDFD40A25E71,"Entorno urbano, densidad poblacional y uso del Sistema de Autobuses de Transporte Rápido en Quito",journal-article,AUTHORITY_MAPPED,1.000,doi,10.7764/eure.49.148.11,,EXTERNAL_OR_LOCAL_ONLY,1,"[""5 DOT y planeación urbana (Gregor Wessels)/DOTS América Latina/2023_BRT_Quito.pdf""]"
DOTS América Latina,OLP-5CCF7F50FA036425,"Estaciones como nodos y lugares: el potencial del tren para el desarrollo urbano orientado al transporte en Santiago, Chile",journal-article,AUTHORITY_MAPPED,1.000,doi,10.22320/07183607.2021.24.43.08,,EXTERNAL_OR_LOCAL_ONLY,1,"[""5 DOT y planeación urbana (Gregor Wessels)/DOTS América Latina/2021_DOTS_tren_Santiago.pdf""]"
DOTS América Latina,OLP-CE03A237F557C0F3,Estimation of a Location Model of Land Uses in the City of Bogotá for the Assessment of a Transit-Oriented Development (TOD) Scheme in a BRT Corridor,dissertation,AUTHORITY_MAPPED,1.000,local_work,OLP-CE03A237F557C0F3,,CREATE_RECORD_CANDIDATE,1,"[""5 DOT y planeación urbana (Gregor Wessels)/DOTS América Latina/U Andes David Melendez Th II  Eng 8 Final.pdf""]"
DOTS América Latina,OLP-FF64695BFF73641D,"Factores determinantes de la relación entre la localización de las empresas, la dinámica del transporte público tipo BRT y el desarrollo urbano",journal-article,AUTHORITY_MAPPED,1.000,doi,10.24201/edu.v37i3.2048,,EXTERNAL_OR_LOCAL_ONLY,1,"[""5 DOT y planeación urbana (Gregor Wessels)/DOTS América Latina/2022_Factores_BRT_Latam.pdf""]"
DOTS América Latina,OLP-CEFD6255E5CA8AAB,Implementación del desarrollo orientado al transporte público en la Gran Área Metropolitana utilizando el tren urbano,dissertation,AUTHORITY_MAPPED,1.000,url,https://hdl.handle.net/10669/87649,,CREATE_RECORD_CANDIDATE,1,"[""5 DOT y planeación urbana (Gregor Wessels)/DOTS América Latina/2022_DOTS__Costa_Rica.pdf""]"
DOTS América Latina,OLP-271A3923F43E58F6,Improving Coordination of Transportation and Land-Use Planning in Latin American Cities: overcoming the barriers,presentation,AUTHORITY_MAPPED,1.000,local_work,OLP-271A3923F43E58F6,,EXTERNAL_OR_LOCAL_ONLY,1,"[""5 DOT y planeación urbana (Gregor Wessels)/DOTS América Latina/Improving Coordination of Transportation and Land-Use Planning in Latin American Cities.pdf""]"
DOTS América Latina,OLP-C6EB682181E2B8E5,Integración de Transporte no Motorizado y DOTS,book,AUTHORITY_MAPPED,1.000,isbn_13,9789585767454,,CREATE_RECORD_CANDIDATE,1,"[""5 DOT y planeación urbana (Gregor Wessels)/DOTS América Latina/Integración de transporte no motorizado y DOTS 2014.pdf""]"
DOTS América Latina,OLP-7D98B5692364F405,"Managing the Urban Environment - Lima, Peru",book,AUTHORITY_MAPPED,1.000,isbn_13,9786137341308,,CREATE_RECORD_CANDIDATE,1,"[""5 DOT y planeación urbana (Gregor Wessels)/DOTS América Latina/Managing the urban environment - Lima, Peru - David Edelman.pdf""]"
DOTS América Latina,OLP-1517DE7AA69C86B2,"Managing the Urban Environment - Santo Domingo, the Dominican Republic",book,AUTHORITY_MAPPED,1.000,isbn_13,9786139446896,,CREATE_RECORD_CANDIDATE,1,"[""5 DOT y planeación urbana (Gregor Wessels)/DOTS América Latina/Managing the urban environment - Santo Domingo, DomRep - David Edelman.pdf""]"
DOTS América Latina,OLP-D77477A4D388B6B0,Manual: Desarrollo Orientado al Transporte Sustentable (DOTS),manual,AUTHORITY_MAPPED,1.000,url,https://es.wri.org/publicaciones/manual-desarrollo-orientado-al-transporte-sustentable,,CREATE_RECORD_CANDIDATE,1,"[""5 DOT y planeación urbana (Gregor Wessels)/DOTS América Latina/TOD manual spanish.pdf""]"
DOTS América Latina,OLP-5929B1A8D5477EF2,Plan de internacionalización de la ciudad de Salta mediante el desarrollo orientado al transporte,dissertation,AUTHORITY_MAPPED,1.000,url,https://repositorio.21.edu.ar/handle/ues21/28467,,CREATE_RECORD_CANDIDATE,1,"[""5 DOT y planeación urbana (Gregor Wessels)/DOTS América Latina/2022_DOTS_Salta.pdf""]"
DOTS América Latina,OLP-0FCF4A92675AB64E,Transit-oriented development and gentrification: a systematic review,journal-article,AUTHORITY_MAPPED,1.000,doi,10.1080/01441647.2019.1649316,,EXTERNAL_OR_LOCAL_ONLY,1,"[""5 DOT y planeación urbana (Gregor Wessels)/DOTS América Latina/2019_TOD_Gentrification.pdf""]"
DOTS América Latina,OLP-2B74183125A5B44B,Transportation Oriented Development Method: literature review,journal-article,AUTHORITY_MAPPED,1.000,doi,10.1088/1755-1315/1141/1/012002,,EXTERNAL_OR_LOCAL_ONLY,1,"[""5 DOT y planeación urbana (Gregor Wessels)/DOTS América Latina/2023_TODS_literature_review.pdf""]"
DOTS América Latina,OLP-AFAB59165588CEBC,Valoración del entorno de una estación ferroviaria inactiva mediante estándar DOT: avance metodológico para el caso del Gran Santa Fe (Argentina),proceedings-article,AUTHORITY_MAPPED,1.000,doi,10.5821/siiu.10156,,EXTERNAL_OR_LOCAL_ONLY,1,"[""5 DOT y planeación urbana (Gregor Wessels)/DOTS América Latina/2021_DOTS_SantaFe.pdf""]"
DOTS América Latina,OLP-2E9C2B9EC45A6B28,"¿Es la densidad suficiente? Análisis de la relación entre la densidad poblacional y la demanda de pasajeros en los sistemas de transporte público masivo tipo BRT (Bus Rapid Transit) en Curitiba, Quito y Bogotá",article,AUTHORITY_MAPPED,1.000,url,https://www.ingentaconnect.com/contentone/iieal/meda/2019/00000090/00000001/art00005,,EXTERNAL_OR_LOCAL_ONLY,1,"[""5 DOT y planeación urbana (Gregor Wessels)/DOTS América Latina/s5.pdf""]"
DOTS Asia,OLP-F47CC86BC598669A,Establishing the conditions for effective transit-oriented development in China: the case of Dalian,journal-article,AUTHORITY_MAPPED,1.000,doi,10.1016/j.jtrangeo.2012.02.010,,EXTERNAL_OR_LOCAL_ONLY,1,"[""5 DOT y planeación urbana (Gregor Wessels)/DOTS Asia/Journal Cities 2012 TOD Dalian China 1-s2.0-S0966692312000592-main.pdf""]"
DOTS Asia,OLP-8F4729514371311A,Ho Chi Minh City Transport and Land Use,teaching-case,AUTHORITY_MAPPED,1.000,url,https://fsppm.fulbright.edu.vn/en/case/ho-chi-minh-city-transport-and-land-use-56/,,CREATE_RECORD_CANDIDATE,1,"[""5 DOT y planeación urbana (Gregor Wessels)/DOTS Asia/HCMC transport and land use research.pdf""]"
DOTS Colombia,OLP-222CEE8A9EDED40C,A SPATIO-TEMPORAL VISUAL ANALYTICS TOOL FOR SIMULATED TRANSPORT ORIENTED-LAND USE URBAN PLANNING DATA,journal-article,AUTHORITY_MAPPED,1.000,doi,10.5194/isprs-archives-XLVIII-4-W5-2022-113-2022,,EXTERNAL_OR_LOCAL_ONLY,1,"[""5 DOT y planeación urbana (Gregor Wessels)/DOTS América Latina/DOTS Colombia/2022_Analytics_tool_Simulated_DOTS.pdf""]"
DOTS Colombia,OLP-04487432259C4A11,"Ciudad, transporte y género: la movilidad urbana en el desarrollo sostenible de Villavicencio",dissertation,AUTHORITY_MAPPED,1.000,url,https://hdl.handle.net/1992/54341,,CREATE_RECORD_CANDIDATE,1,"[""5 DOT y planeación urbana (Gregor Wessels)/DOTS América Latina/DOTS Colombia/2021-Ciudad, transporte y genero-MFP.pdf""]"
DOTS Colombia,OLP-63840B009ADD2066,Desarrollo Orientado al Transporte Sostenible (DOTS): Una prospectiva para Colombia,article,AUTHORITY_MAPPED,1.000,doi,10.15446/bitacora.v29n3.65979,,EXTERNAL_OR_LOCAL_ONLY,1,"[""5 DOT y planeación urbana (Gregor Wessels)/DOTS América Latina/DOTS Colombia/2019_DOTS_Una prospectiva para Colombia.pdf""]"
DOTS Colombia,OLP-1EACD1F3B5BC7190,Evaluando el potencial del desarrollo orientado al transporte considerando las preferencias y percepciones de los ciudadanos,dissertation,AUTHORITY_MAPPED,1.000,url,https://manglar.uninorte.edu.co/handle/10584/10958,,CREATE_RECORD_CANDIDATE,1,"[""5 DOT y planeación urbana (Gregor Wessels)/DOTS América Latina/DOTS Colombia/2021_Potencial_DOTS.pdf""]"
DOTS Colombia,OLP-5E5D407E1AAC85B5,"Potencial del Desarrollo Orientado al Transporte como transformador urbano. Caso de estudio: Transmilenio, Bogotá, Colombia, 2019",dissertation,AUTHORITY_MAPPED,1.000,url,https://hdl.handle.net/2445/140558,,CREATE_RECORD_CANDIDATE,1,"[""5 DOT y planeación urbana (Gregor Wessels)/DOTS América Latina/DOTS Colombia/2019_Potencial_DOTS_TM.pdf""]"
DOTS Europa & Estados Unidos,OLP-71588BA9FADC3293,"Applying DOT's Rail Policy to Washington, D.C.'s Metrorail System Could Save Federal Funds",report,OPENLIBRARY_LINKED,1.000,openlibrary_work,/works/OL10729940W,/works/OL10729940W,READY_TO_ADD,1,"[""5 DOT y planeación urbana (Gregor Wessels)/DOTS Europa & Estados Unidos/Applying DOT Rail Policy to Washington, D.C.'s Metrorail System Could Save Federal Funds.pdf""]"
DOTS Europa & Estados Unidos,OLP-61DE92D2F42ACDEE,Columbia Heights Public Realm Framework,planning-document,AUTHORITY_MAPPED,1.000,url,https://planning.dc.gov/page/columbia-heights-public-realm-framework-plan-and-columbia-heights-revitalization-information,,EXTERNAL_OR_LOCAL_ONLY,1,"[""5 DOT y planeación urbana (Gregor Wessels)/DOTS Europa & Estados Unidos/Columbia Heights case.pdf""]"
DOTS Europa & Estados Unidos,OLP-D468F8E71EEEE47B,From Traditional to Reformed: A Review of the Land Use Regulations in the Nation's 50 Largest Metropolitan Areas,research-brief,AUTHORITY_MAPPED,1.000,url,https://www.brookings.edu/wp-content/uploads/2016/06/20060802_pendall.pdf,,CREATE_RECORD_CANDIDATE,1,"[""5 DOT y planeación urbana (Gregor Wessels)/DOTS Europa & Estados Unidos/land-use-regulations-USA.pdf""]"
DOTS Europa & Estados Unidos,OLP-F5338AD4F9D7F733,"Houses, Apartments, and the Incidence of Property Taxes",article,AUTHORITY_MAPPED,1.000,doi,10.1080/10511482.2006.9521558,,EXTERNAL_OR_LOCAL_ONLY,1,"[""5 DOT y planeación urbana (Gregor Wessels)/DOTS Europa & Estados Unidos/property tax sprawl hpd_1701_goodman.pdf""]"
DOTS Europa & Estados Unidos,OLP-6B0811BB45EC551C,Infrastructure Financing Options for Transit-Oriented Development,report,AUTHORITY_MAPPED,1.000,url,https://www.epa.gov/smartgrowth/infrastructure-financing-options-transit-oriented-development,,CREATE_RECORD_CANDIDATE,1,"[""5 DOT y planeación urbana (Gregor Wessels)/DOTS Europa & Estados Unidos/TOD-infrastructure-financing-report-2013.pdf""]"
DOTS Europa & Estados Unidos,OLP-0D1DB5E59906057D,"Land Lines, January 2010",serial-issue,AUTHORITY_MAPPED,1.000,url,https://www.lincolninst.edu/publications/issues/land-lines-january-2010/,,EXTERNAL_OR_LOCAL_ONLY,1,"[""5 DOT y planeación urbana (Gregor Wessels)/DOTS Europa & Estados Unidos/1743_963_Land Lines January 2010.pdf""]"
DOTS Europa & Estados Unidos,OLP-8B1BF0C7C27E77D4,"Land Lines, July 2008",serial-issue,AUTHORITY_MAPPED,1.000,url,https://www.lincolninst.edu/publications/issues/land-lines-july-2008/,,EXTERNAL_OR_LOCAL_ONLY,1,"[""5 DOT y planeación urbana (Gregor Wessels)/DOTS Europa & Estados Unidos/1411_727_Final July 2008 07.pdf""]"
DOTS Europa & Estados Unidos,OLP-52AE7BAAEDA02162,Land-use scenarios for Europe: qualitative and quantitative analysis on a European scale,report,AUTHORITY_MAPPED,1.000,isbn_13,9789291679270,,CREATE_RECORD_CANDIDATE,1,"[""5 DOT y planeación urbana (Gregor Wessels)/DOTS Europa & Estados Unidos/land use europe technical_report_9_2007.pdf""]"
DOTS Europa & Estados Unidos,OLP-2C883D684EF40067,Measuring Equity in Transit-Oriented Development: Application to Affordable Housing,capstone,AUTHORITY_MAPPED,1.000,url,https://digitalcollections.sit.edu/capstones/2811/,,CREATE_RECORD_CANDIDATE,1,"[""5 DOT y planeación urbana (Gregor Wessels)/DOTS Europa & Estados Unidos/Measuring Equity in Transit-Oriented Development_ Application to.pdf""]"
DOTS Europa & Estados Unidos,OLP-4D08149D47FDE1D1,The ABC Location Policy in the Netherlands: The Right Business at the Right Place,report,AUTHORITY_MAPPED,1.000,url,https://www.gov.wales/sites/default/files/publications/2018-10/application-of-accessibility-methodologies-to-land-use-planning.pdf,,CREATE_RECORD_CANDIDATE,1,"[""5 DOT y planeación urbana (Gregor Wessels)/DOTS Europa & Estados Unidos/abc dutch planning.pdf""]"
DOTS Europa & Estados Unidos,OLP-6DB7EA4A07773151,The reshaping of land use and urban form in Denver through transit-oriented development,journal-article,AUTHORITY_MAPPED,1.000,doi,10.1016/j.cities.2012.08.007,,EXTERNAL_OR_LOCAL_ONLY,1,"[""5 DOT y planeación urbana (Gregor Wessels)/DOTS Europa & Estados Unidos/Journal cities 2012 TOD Denver 1-s2.0-S0264275112001527-main.pdf""]"
DOTS Europa & Estados Unidos,OLP-3A816D5673C1F420,The Simple Way to End Land Hoarding,newspaper-article,AUTHORITY_MAPPED,1.000,url,https://www.labourland.org/land-value-tax-in-the-news/,,EXTERNAL_OR_LOCAL_ONLY,1,"[""5 DOT y planeación urbana (Gregor Wessels)/DOTS Europa & Estados Unidos/LAND TAX Jerry Jones M Star 1 Feb 06.pdf""]"
DOTS Europa & Estados Unidos,OLP-299F89CBC82F9688,"TOD Case Studies: Implementation in Low-Income, Diverse Neighborhoods",report,AUTHORITY_MAPPED,1.000,url,https://ctod.org/pdfs/2007TODCaseStudies.pdf,,CREATE_RECORD_CANDIDATE,1,"[""5 DOT y planeación urbana (Gregor Wessels)/DOTS Europa & Estados Unidos/2007TODCaseStudies.pdf""]"
DOTS Europa & Estados Unidos,OLP-16F8F195029B6B73,"Traveler Response to Transportation System Changes Handbook, Third Edition: Chapter 17, Transit-Oriented Development",report,AUTHORITY_MAPPED,1.000,doi,10.17226/14077,,CREATE_RECORD_CANDIDATE,1,"[""5 DOT y planeación urbana (Gregor Wessels)/DOTS Europa & Estados Unidos/TOD tcrp_rpt_95c17.pdf""]"
DOTS Europa & Estados Unidos,OLP-E0E07EC9B49B55E4,WMATA Transit-Oriented Development in Maryland,presentation,AUTHORITY_MAPPED,1.000,url,https://planning.maryland.gov/Documents/Our-Engagement/773/2013/WMATA-TOD-Presentation072213.pdf,,EXTERNAL_OR_LOCAL_ONLY,1,"[""5 DOT y planeación urbana (Gregor Wessels)/DOTS Europa & Estados Unidos/WMATA-TOD-Presentation072213.pdf""]"
DTS,OLP-1C12A5D3A6B92C23,"Documento Técnico de Soporte del Plan de Ordenamiento Territorial de Bogotá D.C., julio de 2021",planning-document,AUTHORITY_MAPPED,1.000,url,https://www.sdp.gov.co/micrositios/pot/documentos,,CREATE_RECORD_CANDIDATE,7,"[""5 DOT y planeación urbana (Gregor Wessels)/DOTS América Latina/DOTS Colombia/Proyecto Política nacional DOTS (CCAP-SIGMA-DESPACIO)/Bogotá/POT Bogotá 2022- Documentos relevantes DOTS/DTS/anexo28-guia_formulacion_actuaciones_estrategicas.pdf"", ""5 DOT y planeación urbana (Gregor Wessels)/DOTS América Latina/DOTS Colombia/Proyecto Política nacional DOTS (CCAP-SIGMA-DESPACIO)/Bogotá/POT Bogotá 2022- Documentos relevantes DOTS/DTS/anexo29-actuacion_estrategica_reverdecer_sur.pdf"", ""5 DOT y planeación urbana (Gregor Wessels)/DOTS América Latina/DOTS Colombia/Proyecto Política nacional DOTS (CCAP-SIGMA-DESPACIO)/Bogotá/POT Bogotá 2022- Documentos relevantes DOTS/DTS/dts_libroi_componente_general.pdf"", ""5 DOT y planeación urbana (Gregor Wessels)/DOTS América Latina/DOTS Colombia/Proyecto Política nacional DOTS (CCAP-SIGMA-DESPACIO)/Bogotá/POT Bogotá 2022- Documentos relevantes DOTS/DTS/dts_libroii_componente_urbano.pdf"", ""5 DOT y planeación urbana (Gregor Wessels)/DOTS América Latina/DOTS Colombia/Proyecto Política nacional DOTS (CCAP-SIGMA-DESPACIO)/Bogotá/POT Bogotá 2022- Documentos relevantes DOTS/DTS/dts_libroiii_componente_rural_0.pdf"", ""5 DOT y planeación urbana (Gregor Wessels)/DOTS América Latina/DOTS Colombia/Proyecto Política nacional DOTS (CCAP-SIGMA-DESPACIO)/Bogotá/POT Bogotá 2022- Documentos relevantes DOTS/DTS/dts_libroiv_instrumentos_072021.pdf"", ""5 DOT y planeación urbana (Gregor Wessels)/DOTS América Latina/DOTS Colombia/Proyecto Política nacional DOTS (CCAP-SIGMA-DESPACIO)/Bogotá/POT Bogotá 2022- Documentos relevantes DOTS/DTS/dts_librov_programasproyectos_072021.pdf""]"
Otras políticas relacionadas,OLP-76065316FC05F191,Estrategia Nacional de Transporte Sostenible,report,AUTHORITY_MAPPED,1.000,url,https://mintransporte.gov.co/publicaciones/10754/transporte-sostenible/,,CREATE_RECORD_CANDIDATE,1,"[""5 DOT y planeación urbana (Gregor Wessels)/DOTS América Latina/DOTS Colombia/Proyecto Política nacional DOTS (CCAP-SIGMA-DESPACIO)/Otras políticas relacionadas/05-Agosto-2022 Estrategia Nacional de Transporte Sostenible_V6.pdf""]"
Planeación territorial,OLP-CC8F084DD3C010C8,Driving and the built environment,book,OPENLIBRARY_LINKED,0.995,openlibrary_work,/works/OL15596836W,/works/OL15596836W,READY_TO_ADD,1,"[""5 DOT y planeación urbana (Gregor Wessels)/Planeación territorial/TRB-landuse-VMT.pdf""]"
Planeación territorial,OLP-B3302690A6C0BC48,Integrating land use and transport planning,report,AUTHORITY_MAPPED,1.000,isbn_13,9780478287462,,CREATE_RECORD_CANDIDATE,1,"[""5 DOT y planeación urbana (Gregor Wessels)/Planeación territorial/land use and transport planning New Zealand.pdf""]"
Planeación territorial,OLP-F38EF1AE1F13DEDF,Land Use and Transport: Research and Policy Challenges,article,AUTHORITY_MAPPED,1.000,doi,10.1016/S0966-6923(02)00041-8,,EXTERNAL_OR_LOCAL_ONLY,1,"[""5 DOT y planeación urbana (Gregor Wessels)/Planeación territorial/land use and transport challenges for research and policy making.pdf""]"
PMMS Bogota 2023,OLP-5D625A487C75BB25,"Decreto 497 de 2023, por el cual se adopta el Plan de Movilidad Sostenible y Segura (PMSS) para Bogotá Distrito Capital y se dictan otras disposiciones",legal-document,AUTHORITY_MAPPED,1.000,url,https://www.alcaldiabogota.gov.co/sisjur/normas/Norma1.jsp?i=150400,,EXTERNAL_OR_LOCAL_ONLY,1,"[""5 DOT y planeación urbana (Gregor Wessels)/DOTS América Latina/DOTS Colombia/Proyecto Política nacional DOTS (CCAP-SIGMA-DESPACIO)/Bogotá/PMMS Bogota 2023/Decreto 497 de 2023 Alcaldía Mayor de Bogotá, D.C_.pdf""]"
PMMS Bogota 2023,OLP-851F027880085BA7,Documento Técnico de Soporte del Plan de Movilidad Sostenible y Segura de Bogotá D.C.,planning-document,AUTHORITY_MAPPED,1.000,url,https://www.movilidadbogota.gov.co/plan-de-movilidad-sostenible-y-segura,,CREATE_RECORD_CANDIDATE,1,"[""5 DOT y planeación urbana (Gregor Wessels)/DOTS América Latina/DOTS Colombia/Proyecto Política nacional DOTS (CCAP-SIGMA-DESPACIO)/Bogotá/PMMS Bogota 2023/DTS.pdf""]"
Proyecto Política nacional DOTS (CCAP-SIGMA-DESPACIO),OLP-3CE347587191A2BF,Guidelines for a National DOTS Policy in Colombia,report,AUTHORITY_MAPPED,1.000,url,https://bibliotecadigital.findeter.metabiblioteca.com/handle/001/9617,,CREATE_RECORD_CANDIDATE,2,"[""5 DOT y planeación urbana (Gregor Wessels)/DOTS América Latina/DOTS Colombia/Proyecto Política nacional DOTS (CCAP-SIGMA-DESPACIO)/Lineamientos para una política nacional DOTS_Executive_Summary.pdf"", ""5 DOT y planeación urbana (Gregor Wessels)/DOTS América Latina/DOTS Colombia/Proyecto Política nacional DOTS (CCAP-SIGMA-DESPACIO)/Lineamientos para una política nacional DOTS_Resumen Ejecutivo.pdf""]"
Proyecto Política nacional DOTS (CCAP-SIGMA-DESPACIO),OLP-3DEF9668126812ED,Informe 3: Diagnóstico del marco de política en Colombia para el desarrollo de proyectos DOTS,report,AUTHORITY_MAPPED,1.000,url,https://despacio.org/portfolio/lineamientos-para-una-politica-nacional-dots/,,CREATE_RECORD_CANDIDATE,1,"[""5 DOT y planeación urbana (Gregor Wessels)/DOTS América Latina/DOTS Colombia/Proyecto Política nacional DOTS (CCAP-SIGMA-DESPACIO)/Diagnóstico del marco de política para proyectos DOTS en Colombia .pdf""]"
Proyectos DOTS,OLP-0F372063BFF2D071,Centro San Bernardo – Plan Parcial,web-capture,AUTHORITY_MAPPED,1.000,url,https://renobo.com.co/es/proyectos/centro-san-bernardo-plan-parcial,,EXTERNAL_OR_LOCAL_ONLY,1,"[""5 DOT y planeación urbana (Gregor Wessels)/DOTS América Latina/DOTS Colombia/Proyecto Política nacional DOTS (CCAP-SIGMA-DESPACIO)/Proyectos DOTS/Plan_Parcial_San_Bernardo.pdf""]"
Proyectos DOTS,OLP-ACA53318940E8516,Corredor Verde – TOD NAMA Cali: proyecto Sendero ecológico Río Lili,presentation,AUTHORITY_MAPPED,1.000,local_work,OLP-ACA53318940E8516,,EXTERNAL_OR_LOCAL_ONLY,1,"[""5 DOT y planeación urbana (Gregor Wessels)/DOTS América Latina/DOTS Colombia/Proyecto Política nacional DOTS (CCAP-SIGMA-DESPACIO)/Proyectos DOTS/DOT_Cali.pdf""]"
Proyectos DOTS,OLP-0EAB8D955B5ACAB5,Estación Calle 26 – Estudio DOT: reporte final. Estructuración de un modelo de transacción para movilizar financiamiento privado en apoyo a la estrategia de Desarrollo Orientado al Transporte Público de la Primera Línea del Metro de Bogotá,report,AUTHORITY_MAPPED,1.000,local_work,OLP-0EAB8D955B5ACAB5,,CREATE_RECORD_CANDIDATE,1,"[""5 DOT y planeación urbana (Gregor Wessels)/DOTS América Latina/DOTS Colombia/Proyecto Política nacional DOTS (CCAP-SIGMA-DESPACIO)/Proyectos DOTS/2021_estudio_DOT_Metro_de_Bogota.pdf""]"
Proyectos DOTS,OLP-9B101C515AEDDC0F,NS-127 – Colombia TOD NAMA: NAMA seeking support for implementation,registry-record,AUTHORITY_MAPPED,1.000,url,https://www4.unfccc.int/sites/PublicNAMA/_layouts/un/fccc/nama/NamaSeekingSupportForImplementation.aspx?ID=67,,EXTERNAL_OR_LOCAL_ONLY,1,"[""5 DOT y planeación urbana (Gregor Wessels)/DOTS América Latina/DOTS Colombia/Proyecto Política nacional DOTS (CCAP-SIGMA-DESPACIO)/Proyectos DOTS/DOT_NAMA_Colombia.pdf""]"
Proyectos DOTS,OLP-677C7DA09DD3A7D4,Resolución 0958 de 2023: Directrices para la formulación de la Actuación Estratégica Chucua La Vaca,legal-document,AUTHORITY_MAPPED,1.000,local_work,OLP-677C7DA09DD3A7D4,,EXTERNAL_OR_LOCAL_ONLY,1,"[""5 DOT y planeación urbana (Gregor Wessels)/DOTS América Latina/DOTS Colombia/Proyecto Política nacional DOTS (CCAP-SIGMA-DESPACIO)/Proyectos DOTS/Resolucion_0958_DOT_Villa_Nelly.pdf""]"
Proyectos DOTS,OLP-00C26896F1C3DC3A,TOD NAMA Manizales: Renace el Centro,presentation,AUTHORITY_MAPPED,1.000,url,https://manizales.gov.co/wp-content/uploads/Informe-Manizales-M%C3%A1s-Oportunidades-2016-2019.pdf,,EXTERNAL_OR_LOCAL_ONLY,1,"[""5 DOT y planeación urbana (Gregor Wessels)/DOTS América Latina/DOTS Colombia/Proyecto Política nacional DOTS (CCAP-SIGMA-DESPACIO)/Proyectos DOTS/DOT_Manizales.pdf""]"
Recomendaciones de política- DOTS,OLP-59D9B227F6C05028,Formulación de los lineamientos y recomendaciones de política para la implementación de iniciativas de Desarrollo Orientado al Transporte Sostenible (DOTS) en Colombia: presentación general del proyecto,presentation,AUTHORITY_MAPPED,1.000,url,https://despacio.org/portfolio/lineamientos-para-una-politica-nacional-dots/,,EXTERNAL_OR_LOCAL_ONLY,1,"[""5 DOT y planeación urbana (Gregor Wessels)/DOTS América Latina/DOTS Colombia/Proyecto Política nacional DOTS (CCAP-SIGMA-DESPACIO)/Recomendaciones de política- DOTS/CCAP-Findeter_Politica DOTS_Presentación Gral Proyecto.pdf""]"
Recomendaciones de política- DOTS,OLP-3CE347587191A2BF,Guidelines for a National DOTS Policy in Colombia,report,AUTHORITY_MAPPED,1.000,url,https://bibliotecadigital.findeter.metabiblioteca.com/handle/001/9617,,CREATE_RECORD_CANDIDATE,1,"[""5 DOT y planeación urbana (Gregor Wessels)/DOTS América Latina/DOTS Colombia/Proyecto Política nacional DOTS (CCAP-SIGMA-DESPACIO)/Recomendaciones de política- DOTS/CCAP_Politica DOTS_Resumen Ejecutivo V5_FINAL.pdf""]"
Recomendaciones de política- DOTS,OLP-690A7AD934DBA8E5,Informe 2: El deber ser de la política DOTS,report,AUTHORITY_MAPPED,1.000,url,https://despacio.org/portfolio/lineamientos-para-una-politica-nacional-dots/,,CREATE_RECORD_CANDIDATE,1,"[""5 DOT y planeación urbana (Gregor Wessels)/DOTS América Latina/DOTS Colombia/Proyecto Política nacional DOTS (CCAP-SIGMA-DESPACIO)/Recomendaciones de política- DOTS/CCAP_Politica DOTS_Deber Ser Política V2 FINAL.pdf""]"
Smart Growth,OLP-831BDA6824661132,Driven Apart: How Sprawl Is Lengthening Our Commutes and Why Misleading Mobility Measures Are Making Things Worse,report,AUTHORITY_MAPPED,1.000,url,https://cityobservatory.org/wp-content/uploads/2015/08/Cortright_Driven_Apart_2010.pdf,,CREATE_RECORD_CANDIDATE,1,"[""5 DOT y planeación urbana (Gregor Wessels)/Teoria DOTS/Smart Growth/Driven Apart How sprawl is lengthening our commutes and why misleading mobility measures.pdf""]"
Smart Growth,OLP-4B3C557A93EC2F6F,"Economic Development and Smart Growth: 8 Case Studies on the Connections Between Smart Growth Development and Jobs, Wealth, and Quality of Life in Communities",report,AUTHORITY_MAPPED,1.000,url,https://opd.gov.mp/library/smart-safe-growth/economic-development-and-smart-growth/iedc-2006-economic-development-and-smart-growth.pdf,,CREATE_RECORD_CANDIDATE,1,"[""5 DOT y planeación urbana (Gregor Wessels)/Teoria DOTS/Smart Growth/Smart_Growth-econdev.pdf""]"
Smart Growth,OLP-52B97CE4C2372AD2,Effect of Smart Growth Policies on Travel Demand,report,AUTHORITY_MAPPED,1.000,isbn_13,9780309272889,,CREATE_RECORD_CANDIDATE,1,"[""5 DOT y planeación urbana (Gregor Wessels)/Teoria DOTS/Smart Growth/Smart Growth vs travel demand - SHRP2_S2-C16-RR-1.pdf""]"
Smart Growth,OLP-F5E0D959F74918D5,Growing Cooler: The Evidence on Urban Development and Climate Change,book,OPENLIBRARY_LINKED,1.000,openlibrary_work,/works/OL16560037W,/works/OL16560037W,READY_TO_ADD,1,"[""5 DOT y planeación urbana (Gregor Wessels)/Teoria DOTS/Smart Growth/landuse-globalwarming-GrowingCooler9-18-07small.pdf""]"
Smart Growth,OLP-9180F5907316D4A5,Legislature Takes Aim at Urban Sprawl and Global Warming,newspaper-article,AUTHORITY_MAPPED,1.000,url,https://www.latimes.com/archives/la-xpm-2008-aug-21-me-sprawl21-story.html,,EXTERNAL_OR_LOCAL_ONLY,1,"[""5 DOT y planeación urbana (Gregor Wessels)/Teoria DOTS/Smart Growth/LA law to taclke sprawl and global warming.pdf""]"
Smart Growth,OLP-03CE311C8C8C265E,"Smart Growth and Economic Success: Benefits for Real Estate Developers, Investors, Businesses, and Local Governments",report,AUTHORITY_MAPPED,1.000,url,https://www.epa.gov/sites/default/files/documents/smart_growth_and_economic_success.pdf,,CREATE_RECORD_CANDIDATE,1,"[""5 DOT y planeación urbana (Gregor Wessels)/Teoria DOTS/Smart Growth/smart growth - economic_success.pdf""]"
Smart Growth,OLP-7F9A83380D52F964,Smart Growth: A Guide to Developing and Implementing Greenhouse Gas Reduction Programs,report,AUTHORITY_MAPPED,1.000,url,https://nepis.epa.gov/Exe/ZyPURL.cgi?Dockey=P100B4BC.TXT,,CREATE_RECORD_CANDIDATE,1,"[""5 DOT y planeación urbana (Gregor Wessels)/Teoria DOTS/Smart Growth/TRB-smart_growth_guide.pdf""]"
Smart Growth,OLP-C76EFDCDC70133F6,Sprawling Cities Getting Hotter Faster,news-article,AUTHORITY_MAPPED,1.000,url,https://www.livescience.com/archive/2010/06,,EXTERNAL_OR_LOCAL_ONLY,1,"[""5 DOT y planeación urbana (Gregor Wessels)/Teoria DOTS/Smart Growth/Sprawling Cities Getting Hotter.pdf""]"
Smart Growth,OLP-E86B2F0A2638878F,This is smart growth,book,OPENLIBRARY_LINKED,0.938,openlibrary_work,/works/OL24074484W,/works/OL24074484W,READY_TO_ADD,1,"[""5 DOT y planeación urbana (Gregor Wessels)/Teoria DOTS/Smart Growth/Smart-growth-this-is-smart-growth.pdf""]"
Teoria DOTS,OLP-85ED539CECC428C7,Transforming Cities with Transit,journal-article,OPENLIBRARY_LINKED,0.995,openlibrary_work,/works/OL27350490W,/works/OL27350490W,READY_TO_ADD,1,"[""5 DOT y planeación urbana (Gregor Wessels)/Teoria DOTS/World Bank transit book 2013.pdf""]"
Teoria DOTS,OLP-E31F959FB1C02D84,Transforming the Urban Space through Transit-Oriented Development: The 3V Approach,book,AUTHORITY_MAPPED,1.000,doi,10.1596/26405,,CREATE_RECORD_CANDIDATE,1,"[""5 DOT y planeación urbana (Gregor Wessels)/Teoria DOTS/WB TOD 113822-REVISED-4-17-MAIN-3Vapproach-orginal-Enhanc1.pdf""]"
Teoria DOTS,OLP-95A003A24DBB91FF,Transit-Oriented Development (TOD) and Employment,report,AUTHORITY_MAPPED,1.000,url,https://trid.trb.org/View/1111817,,CREATE_RECORD_CANDIDATE,1,"[""5 DOT y planeación urbana (Gregor Wessels)/Teoria DOTS/TODandEmploymentFINALMay2011.pdf""]"
