local_folder,filename_pattern,parent_publication_id,publication_role,canonical_title,canonical_author,canonical_publisher,canonical_year,isbn_10,isbn_13,doi,document_type,source_url,notes
"Atlas de Accesibilidad y Conectividad","atlas_*.pdf","atlas-accessibility-zmvm-2010","COMPONENT","Atlas de Accesibilidad y Conectividad de la Zona Metropolitana del Valle de México","Centro de Transporte Sustentable de México A.C.","Centro de Transporte Sustentable de México A.C.","2010","","","","report","https://wrimexico.org/sites/default/files/Informe%20Institucional%20WRI.pdf","The five local PDFs are named sections of one verified parent atlas; do not treat them as five books"
"Desarrollo orientado al tranporte sustentable","DOTS_*.pdf","dots-manual-2009","COMPONENT","Manual: Desarrollo Orientado al Transporte Sustentable (DOTS)","Centro de Transporte Sustentable de México A.C.","Centro de Transporte Sustentable de México A.C.","2009","","","","manual","https://es.wri.org/publicaciones/manual-desarrollo-orientado-al-transporte-sustentable","The eight local PDFs collectively contain the front matter and numbered sections of one 153-page manual"
"Smart Growth","landuse-globalwarming-GrowingCooler9-18-07small.pdf","growing-cooler-2008","PUBLICATION","Growing Cooler: The Evidence on Urban Development and Climate Change","Reid H. Ewing; Keith Bartholomew; Steve Winkelman; Jerry Walters; Don Chen","Urban Land Institute","2008","0874200822","9780874200829","","book","https://books.google.com/books/about/Growing_Cooler.html?id=5cskAQAAMAAJ","Title and authors match the local PDF; the PDF's printed ISBN-13 ends in 2 and fails checksum, while the verified print ISBN-13 ends in 9"
"Bogota 21 Transit-oriented Metropolis","Bogota 21 engish digital 31-10-12.pdf","bogota-21-2012","PUBLICATION","Bogotá 21: Towards a World-Class, Transit-Oriented Metropolis","Gregor Wessels; Carlos Felipe Pardo; Juan Pablo Bocarejo","Fundación Despacio","2012","","9789585767409","","report","https://despacio.org/wp-content/uploads/2012/10/Bogota-21-english.pdf","Full English publication; ISBN and coordinating lead authors verified on the copyright page"
"Bogota 21 Transit-oriented Metropolis","Bogota 21 espanol digital 31-10-12.pdf","bogota-21-2012","ALTERNATE_EDITION","Bogotá 21: Hacia una Metrópoli de Clase Mundial Orientada al Transporte Público","Gregor Wessels; Carlos Felipe Pardo; Juan Pablo Bocarejo","Fundación Despacio","2012","","9789585767409","","report","https://despacio.org/2012/10/30/bogota-21-published/","Full Spanish language edition of the same intellectual work; ISBN and authors verified in the local PDF"
"Bogota 21 Transit-oriented Metropolis","Bogota 21_Towards a worldclass transit-oriented Metropolis.pdf","bogota-21-2012","ALTERNATE_EDITION","Bogotá 21: Towards a World-Class, Transit-Oriented Metropolis","Gregor Wessels; Carlos Felipe Pardo; Juan Pablo Bocarejo","Fundación Despacio","2012","","9789585767409","","report","https://despacio.org/wp-content/uploads/2012/10/Bogota-21-english.pdf","Byte-identical copy of the verified English publication"
"DOTS América Latina","Managing the urban environment - Lima, Peru - David Edelman.pdf","managing-urban-environment-lima-2018","PUBLICATION","Managing the Urban Environment - Lima, Peru","David J. Edelman","LAP LAMBERT Academic Publishing","2018","","9786137341308","","book","https://www.daap.uc.edu/content/dam/refresh/daap-62/documents/news-events/daapcares-presentation-2018.pdf","Full book and checksum-valid ISBN verified visually on the local wraparound cover"
"DOTS América Latina","Managing the urban environment - Santo Domingo, DomRep - David Edelman.pdf","managing-urban-environment-santo-domingo-2019","PUBLICATION","Managing the Urban Environment - Santo Domingo, the Dominican Republic","David J. Edelman","LAP LAMBERT Academic Publishing","2019","","9786139446896","","book","https://www.abebooks.com/9786139446896/Managing-Urban-Environment-Santo-Domingo-6139446899/plp","Full book and checksum-valid ISBN verified visually on the local wraparound cover"
"DOTS Europa & Estados Unidos","TOD tcrp_rpt_95c17.pdf","tcrp-report-95-chapter-17-2007","PUBLICATION","Traveler Response to Transportation System Changes Handbook, Third Edition: Chapter 17, Transit-Oriented Development","John E. Evans IV; Richard H. Pratt; Andrew Stryker; J. Richard Kuzmyak","Transportation Research Board","2007","0309098920","9780309098922","10.17226/14077","report","https://www.nationalacademies.org/publications/14077","Official National Academies metadata verifies title, date, DOI, and ISBN; the existing Open Library ISBN hit is bibliographically unrelated"
"Teoria DOTS","TODandEmploymentFINALMay2011.pdf","tod-and-employment-2011","PUBLICATION","Transit-Oriented Development (TOD) and Employment","Dena Belzer; Sujata Srivastava; Jeff Wood; Ellen Greenberg","Center for Transit-Oriented Development","2011","","","","report","https://trid.trb.org/View/1111817","TRID verifies the report title, authors, date, publisher, pagination, and FTA report number"
"Captura de valor","Insumos-para-la-aplicación-de-Certificados-de-Potencial-Adicional-de-Construcción-en-la-ciudad-de-Cali-CEPAC.pdf","cepac-cali-2013","PUBLICATION","Insumos para la aplicación de Certificados de Potencial Adicional de Construcción en la ciudad de Cali","Tito Yepes; Juan Carlos Junca; Juliana Aguilar; Sebastián Martínez","Fedesarrollo","2013","","","","report","https://ideas.repec.org/p/col/000124/012155.html","RePEc and the Fedesarrollo repository verify the full report title, authors, year, and publisher"
"DOTS Europa & Estados Unidos","1411_727_Final July 2008 07.pdf","land-lines-july-2008","NONBOOK","Land Lines, July 2008","Ann LeRoyer","Lincoln Institute of Land Policy","2008","","","","serial-issue","https://www.lincolninst.edu/publications/issues/land-lines-july-2008/","Verified quarterly newsletter issue; not an Open Library book candidate"
"DOTS Europa & Estados Unidos","1743_963_Land Lines January 2010.pdf","land-lines-january-2010","NONBOOK","Land Lines, January 2010","Ann LeRoyer","Lincoln Institute of Land Policy","2010","","","","serial-issue","https://www.lincolninst.edu/publications/issues/land-lines-january-2010/","Verified quarterly newsletter issue; not an Open Library book candidate"
"Carto","cg-7_actuaciones_estrategicas.pdf","bogota-pot-cg7-2021","NONBOOK","CG-7 Actuaciones Estratégicas","Secretaría Distrital de Planeación de Bogotá","Secretaría Distrital de Planeación de Bogotá","2021","","","","map","https://concejodebogota.gov.co/consulte-aqui-los-documentos-radicados-por-la-administracion-distrital/cbogota/2021-09-11/121910.php","Official POT map/document, not a book"
"Proyectos DOTS","Resolucion_0958_DOT_Villa_Nelly.pdf","bogota-resolution-0958-2023","NONBOOK","Resolución 0958 de 2023: Directrices para la formulación de la Actuación Estratégica Chucua La Vaca","Secretaría Distrital de Planeación de Bogotá","Secretaría Distrital de Planeación de Bogotá","2023","","","","legal-document","","Official administrative resolution verified visually on the local first page; not a book"
"DOTS América Latina","TOD manual spanish.pdf","dots-manual-2009","ALTERNATE_EDITION","Manual: Desarrollo Orientado al Transporte Sustentable (DOTS)","Centro de Transporte Sustentable de México A.C.","Centro de Transporte Sustentable de México A.C.","2010","","","","manual","https://es.wri.org/publicaciones/manual-desarrollo-orientado-al-transporte-sustentable","Image-only full Spanish manual; cover and contents match the verified split-section publication"
"Proyectos DOTS","DOT_Manizales.pdf","tod-nama-manizales-2021","NONBOOK","TOD NAMA Manizales: Renace el Centro","Findeter; Alcaldía de Manizales","Findeter","2021","","","","presentation","https://manizales.gov.co/wp-content/uploads/Informe-Manizales-M%C3%A1s-Oportunidades-2016-2019.pdf","Ten-page image-only project brochure/presentation; title and responsible institutions verified visually and the official city report corroborates the project"
"DOTS Europa & Estados Unidos","LAND TAX Jerry Jones M Star 1 Feb 06.pdf","morning-star-land-hoarding-2006","NONBOOK","The Simple Way to End Land Hoarding","Jerry Jones","Morning Star","2006","","","","newspaper-article","https://www.labourland.org/land-value-tax-in-the-news/","Single newspaper page dated 1 February 2006; title, author, newspaper, and date verified visually and corroborated by the Labour Land Campaign index"
"DOTS Europa & Estados Unidos","land use europe technical_report_9_2007.pdf","eea-land-use-scenarios-europe-2007","PUBLICATION","Land-use scenarios for Europe: qualitative and quantitative analysis on a European scale","European Environment Agency","European Environment Agency","2007","","9789291679270","","report","https://www.eea.europa.eu/publications/technical_report_2007_9","Official EEA Technical Report 9/2007; title, responsible organization, publisher, year, series, pagination, and checksum-valid ISBN corroborated by government-hosted copies"
"Planeación territorial","land use and transport planning New Zealand.pdf","nzta-research-report-333-2007","PUBLICATION","Integrating land use and transport planning","M. Ward; J. Dixon; B. Sadler; J. Wilson","Land Transport New Zealand","2007","","9780478287462","","report","https://www.nzta.govt.nz/resources/research/reports/333","Official NZ Transport Agency catalog page verifies title, authors, publisher, report number, date, pagination, and checksum-valid ISBN"
"Smart Growth","Smart Growth vs travel demand - SHRP2_S2-C16-RR-1.pdf","shrp2-effect-smart-growth-travel-demand-2014","PUBLICATION","Effect of Smart Growth Policies on Travel Demand","Maren Outwater; Colin Smith; Jerry Walters; Brian Welch; Robert Cervero; Kara M. Kockelman; J. Richard Kuzmyak","Transportation Research Board","2014","","9780309272889","","report","https://trid.trb.org/View/1248222","TRID and National Academies metadata verify title, authors, publisher, report S2-C16-RR-1, pagination, date, and checksum-valid ISBN"
"DOTS América Latina","1 Creacion y captura de valor para el desarrollo de proyectos de transporte-28feb.pdf","caf-value-capture-transport-2019","PUBLICATION","Creación y captura de valor para el desarrollo de proyectos de transporte","Carlos Felipe Pardo; Juan Felipe Pinilla Pineda; Catalina Villegas; Adriana Hurtado; Gregor Wessels; Carlos A. Moreno; Patricia Calderón; Catalina Duarte","CAF","2019","","9789804221279","","book","https://scioteca.caf.com/handle/123456789/1404","Official CAF repository metadata and the publication copyright page verify canonical title, authors, publisher, year, document type, and checksum-valid ISBN"
"DOTS Europa & Estados Unidos","TOD-infrastructure-financing-report-2013.pdf","epa-infrastructure-financing-tod-2013","PUBLICATION","Infrastructure Financing Options for Transit-Oriented Development","United States Environmental Protection Agency","United States Environmental Protection Agency","2013","","","","report","https://www.epa.gov/smartgrowth/infrastructure-financing-options-transit-oriented-development","Official EPA publication page verifies the canonical title, responsible organization, publisher, date, scope, and 251-page report format"
"Captura de valor","TRB Land value capture d10781.pdf","gao-10-781-2010","PUBLICATION","Public Transportation: Federal Role in Value Capture Strategies for Transit Is Limited, but Additional Guidance Could Help Clarify Policies","United States Government Accountability Office","United States Government Accountability Office","2010","","","","report","https://www.gao.gov/products/gao-10-781","Official GAO product record verifies title, report number GAO-10-781, responsible organization, publication date, and 55-page report format"
"DOTS Europa & Estados Unidos","Applying DOT Rail Policy to Washington, D.C.'s Metrorail System Could Save Federal Funds.pdf","gao-rced-83-24-1983","PUBLICATION","Applying DOT's Rail Policy to Washington, D.C.'s Metrorail System Could Save Federal Funds","United States General Accounting Office","United States General Accounting Office","1983","","","","report","https://www.gao.gov/assets/122342.pdf","Official GAO publications catalog verifies the canonical title, report number GAO/RCED-83-24, responsible organization, and publication date of 12 January 1983"
"Teoria DOTS","WB TOD 113822-REVISED-4-17-MAIN-3Vapproach-orginal-Enhanc1.pdf","world-bank-3v-tod-2017","PUBLICATION","Transforming the Urban Space through Transit-Oriented Development: The 3V Approach","Serge Salat; Gerald Ollivier","World Bank","2017","","","10.1596/26405","book","https://www.worldbank.org/en/topic/transport/publication/transforming-the-urban-space-through-transit-oriented-development-the-3v-approach","Official World Bank publication page and repository record verify title, authors, publisher, year, report number 113822, and DOI"
"Smart Growth","smart growth - economic_success.pdf","epa-smart-growth-economic-success-2012","PUBLICATION","Smart Growth and Economic Success: Benefits for Real Estate Developers, Investors, Businesses, and Local Governments","United States Environmental Protection Agency, Office of Sustainable Communities","United States Environmental Protection Agency","2012","","","","report","https://www.epa.gov/sites/default/files/documents/smart_growth_and_economic_success.pdf","Official EPA publication and archived program page verify the canonical cover title, responsible office, publisher, and December 2012 publication date"
"Smart Growth","TRB-smart_growth_guide.pdf","epa-smart-growth-ghg-guide-2010","PUBLICATION","Smart Growth: A Guide to Developing and Implementing Greenhouse Gas Reduction Programs","United States Environmental Protection Agency","United States Environmental Protection Agency","2010","","","","report","https://nepis.epa.gov/Exe/ZyPURL.cgi?Dockey=P100B4BC.TXT","Official EPA National Service Center for Environmental Publications record verifies the title, responsible organization, publisher, date, and guide content"
"Smart Growth","Smart_Growth-econdev.pdf","iedc-economic-development-smart-growth-2006","PUBLICATION","Economic Development and Smart Growth: 8 Case Studies on the Connections Between Smart Growth Development and Jobs, Wealth, and Quality of Life in Communities","Alex Iams; Pearl Kaplan","International Economic Development Council","2006","","","","report","https://opd.gov.mp/library/smart-safe-growth/economic-development-and-smart-growth/iedc-2006-economic-development-and-smart-growth.pdf","Government-hosted publication copy and IEDC material verify the full title, editors, publisher, cooperative agreement, and August 2006 date"
"Smart Growth","Driven Apart How sprawl is lengthening our commutes and why misleading mobility measures.pdf","driven-apart-cortright-2010","PUBLICATION","Driven Apart: How Sprawl Is Lengthening Our Commutes and Why Misleading Mobility Measures Are Making Things Worse","Joe Cortright","CEOs for Cities","2010","","","","report","https://cityobservatory.org/wp-content/uploads/2015/08/Cortright_Driven_Apart_2010.pdf","Author-hosted report copy verifies the canonical title, author, publisher, Rockefeller Foundation funding, and September 2010 date"
"Captura de valor","LandRentCaptureHongKong_1998.pdf","hong-lam-hong-kong-land-values-1998","PUBLICATION","Opportunities and Risks of Capturing Land Values Under Hong Kong's Leasehold System","Yu-Hung Hong; Alven H. S. Lam","Lincoln Institute of Land Policy","1998","","","","report","https://www.lincolninst.edu/app/uploads/2024/04/65_honglam98_1.pdf","Official Lincoln Institute working-paper copy and catalog verify the full title, authors, publisher, date, format, and product code WP98YH1"
"Captura de valor","SMOLKA MARTIM 2012 Una nueva mirada a la recuperacion de_plusvalias.pdf","land-lines-smolka-plusvalias-2012","NONBOOK","Una nueva mirada a la recuperación de plusvalías en América Latina","Martim O. Smolka","Lincoln Institute of Land Policy","2012","","","","article","https://www.lincolninst.edu/app/uploads/legacy-files/pubfiles/2137_1462_Una_nueva_mirada_a_la_recuperacion_de_plusvalias_0712LLSP.pdf","Official Lincoln Institute copy verifies this as a July 2012 Land Lines article rather than a standalone book"
"DOT estándar","DOT Estándar 2.1.pdf","itdp-tod-standard-2-1-2014","PUBLICATION","TOD Standard, Version 2.1","Institute for Transportation and Development Policy","Institute for Transportation and Development Policy; Despacio","2014","","","","manual","https://www.itdp.in/wp-content/uploads/2014/04/01.TOD-Standard_Final.pdf","Official ITDP copy and current ITDP history page verify the title, responsible organization, publishers, March 2014 date, version, and 77-page manual format; the printed ISBN is an explicit placeholder and is not recorded"
"DOT estándar","DOT Estándar 2.1 (Copia en conflicto de Despacio org 2024-11-15).pdf","itdp-tod-standard-2-1-2014","ALTERNATE_EDITION","TOD Standard, Version 2.1","Institute for Transportation and Development Policy","Institute for Transportation and Development Policy; Despacio","2014","","","","manual","https://www.itdp.in/wp-content/uploads/2014/04/01.TOD-Standard_Final.pdf","Second local copy of the same verified 2014 Version 2.1 publication; group it with the parent work rather than creating another record"
"DOT estándar","ITDP TOD Standard_Final_ITDP.pdf","itdp-tod-standard-2-1-2014","ALTERNATE_EDITION","TOD Standard, Version 2.1","Institute for Transportation and Development Policy","Institute for Transportation and Development Policy; Despacio","2014","","","","manual","https://www.itdp.in/wp-content/uploads/2014/04/01.TOD-Standard_Final.pdf","Alternate local filename/copy of the same verified 2014 Version 2.1 publication; group it with the parent work rather than creating another record"
"Captura de valor","ACOSTA PATRICIA 2008 Policy Learningn new Challenges for Smart Value capture in colombia.pdf","acosta-policy-learning-2008","PUBLICATION","Policy Learning: New Challenges for Smart Value Capture in Colombia","Patricia Acosta","Massachusetts Institute of Technology","2008","","","","dissertation","https://hdl.handle.net/1721.1/44373","MIT thesis metadata and the thesis title page verify the canonical title, author, institution, degree, and May 2008 date"
"Captura de valor","Connolly_et_al-2016-Financial_Accountability_&_Management.pdf","connolly-wall-value-capture-ppps-2016","NONBOOK","Value Capture: A Valid Means of Funding PPPs?","Ciaran Connolly; Anthony Wall","Wiley","2016","","","10.1111/faam.12083","article","https://pure.qub.ac.uk/en/publications/value-capture-a-valid-means-of-funding-ppps/","Queen's University Belfast research record and Wiley DOI page verify the journal article title, authors, year, journal, pages, publisher, and DOI"
"Captura de valor","Experience with the betterment levy in Peru. Gamarra Huayapa English Final.pdf","gamarra-betterment-levy-peru-2001","PUBLICATION","Experience with the Betterment Levy in Peru","Margarita Gamarra Huayapa","Lincoln Institute of Land Policy","2001","","","","working-paper","https://www.lincolninst.edu/app/uploads/2024/04/1558_783_Land20Lines20Jan20200920final.pdf","Lincoln Institute bibliography and the local working-paper title page verify the title, author, publisher, and original 2001 date; a later bibliography lists the English translation in 2008"
"Captura de valor","Impactos_Regulaciones_Precios-Borrero_Oscar-2007.pdf","borrero-land-policy-prices-bogota-2007","PUBLICATION","The Effects of Land Policy on Urban Land Prices in Bogotá","Oscar Borrero","Lincoln Institute of Land Policy","2007","","","","working-paper","https://www.lincolninst.edu/publications/working-papers/effects-land-policy-urban-land-prices-bogota/","Official Lincoln Institute working-paper page verifies the canonical title, author, publisher, September 2007 date, language, and pagination"
"Captura de valor","Instrumentos de financiacion del desarrollo urbano, lecciones colombia Acosta Patricia.pdf","acosta-instrumentos-financiacion-2010","NONBOOK","Instrumentos de financiación del desarrollo urbano en Colombia: la contribución por valorización y la participación en plusvalías. Lecciones y reflexiones","Patricia Acosta Restrepo","Universidad del Rosario","2010","","","10.12804/revistas.urosario.edu.co/desafios/a.1289","article","https://revistas.urosario.edu.co/index.php/desafios/article/view/1289","Official journal and university research records verify the canonical title, author, year, journal issue, pages, publisher, and DOI"
"DOT estándar","FINAL_PerformanceBasedTODTypologyGuidebook_FINAL.pdf","ctod-performance-tod-typology-2010","PUBLICATION","Performance-Based Transit-Oriented Development Typology Guidebook","Mason Austin; Dena Belzer; Albert Benedict; Paul Esling; Peter Haas; Gajus Miknaitis; Elizabeth Wampler; Jeff Wood; Linda Young; Sam Zimbabwe","Center for Transit-Oriented Development; Reconnecting America; Center for Neighborhood Technology; Strategic Economics","2010","","","","guidebook","https://trid.trb.org/View/1097129","TRID authority record verifies the canonical title, ten credited authors, corporate authors, December 2010 date, media type, and pagination"
"DOTS América Latina","DOTS Cidades - EMBARQ Brasil.pdf","embarq-dots-cidades-2015","PUBLICATION","DOTS Cidades: Manual de Desenvolvimento Urbano Orientado ao Transporte Sustentável","EMBARQ Brasil","EMBARQ Brasil","2015","","","","manual","https://www.mpsp.mp.br/portal/page/portal/documentacao_e_divulgacao/doc_biblioteca/bibli_servicos_produtos/BibliotecaDigital/BibDigitalLivros/TodosOsLivros/DOTS_Cidades--Manual_de_Desenvolvimento_Urbano_Orientado_ao_Transporte_Sustentavel.pdf","Government-hosted full publication and copyright page verify the canonical title, responsible organization, publisher, 2015 date, format, and pagination"
"DOTS Colombia","2019_DOTS_Una prospectiva para Colombia.pdf","quintero-dots-colombia-2019","NONBOOK","Desarrollo Orientado al Transporte Sostenible (DOTS): Una prospectiva para Colombia","Julián Rodrigo Quintero González","Universidad Nacional de Colombia","2019","","","10.15446/bitacora.v29n3.65979","article","https://revistas.unal.edu.co/index.php/bitacora/article/view/65979","Official Bitácora Urbano Territorial record verifies the title, author, publisher, year, volume, issue, pages, and DOI; this is a journal article rather than a book"
"DOTS Colombia","2021-Ciudad, transporte y genero-MFP.pdf","parra-ciudad-transporte-genero-2021","PUBLICATION","Ciudad, transporte y género: la movilidad urbana en el desarrollo sostenible de Villavicencio","María Fernanda Parra Mosquera","Universidad de los Andes","2021","","","","dissertation","https://hdl.handle.net/1992/54341","Colombian national repository aggregator and Universidad de los Andes handle record verify the canonical title, author, institution, year, resource type, and repository identifier"
"Captura de valor","TfL (2017) - land_value_capture_report_annexes_transport_for_london.pdf","tfl-gla-land-value-capture-annexes-2017","PUBLICATION","Land Value Capture: Annexes","Transport for London; Greater London Authority","Transport for London; Greater London Authority","2017","","","","report","https://www.london.gov.uk/sites/default/files/land_value_capture_report_annexes_transport_for_london.pdf","Official London government PDF verifies the canonical title, joint responsible organizations, February 2017 final version date, annex structure, and report format"
"Captura de valor","TLS-2014-Research-Paper-Value-Capture.pdf","salon-location-value-capture-2014","PUBLICATION","Location Value Capture Opportunities for Urban Public Transport Finance","Deborah Salon","Regional Plan Association; Volvo Research and Educational Foundations","2014","","","","white-paper","https://www.urbanismnext.org/resources/location-value-capture-opportunities-for-urban-public-transport-finance","Research catalog and bibliographic references verify the canonical title, author, responsible organizations, year, white-paper format, and Transit Leadership Summit context"
"Captura de valor","NBC-CA-Land-ValueCapture2.pdf","national-bank-montreal-lvc-2014","PUBLICATION","Land Value Capture as a Source of Funding of Public Transit for Greater Montréal","George Hazel Consultancy Ltd; Edinburgh-Rail Ltd","National Bank of Canada","2014","","","","report","https://files.newswire.ca/1362/Land_Value.pdf","Full report title and imprint pages verify the title, preparing organizations, commissioning publisher, October 2014 date, and report format"
"Captura de valor","value_capture_transit.pdf","adec-value-capture-transit-2010","PUBLICATION","Value Capture from Transit-Oriented Development and Other Transportation Interchanges","African Development Economic Consultants; BKS Engineers","Urban LandMark","2010","","","","consultant-report","https://www.citiesalliance.org/sites/default/files/value_capture_transit.pdf","Cities Alliance-hosted report and Urban LandMark learning materials verify the canonical title, corporate authors, commissioning publisher, 2009-2010 study period, and consultant-report format"
"DOTS Europa & Estados Unidos","land-use-regulations-USA.pdf","pendall-land-use-regulations-2006","PUBLICATION","From Traditional to Reformed: A Review of the Land Use Regulations in the Nation's 50 Largest Metropolitan Areas","Rolf Pendall; Robert Puentes; Jonathan Martin","Brookings Institution","2006","","","","research-brief","https://www.brookings.edu/wp-content/uploads/2016/06/20060802_pendall.pdf","Official Brookings full report verifies the canonical title, three authors, publisher, August 2006 date, research-brief series, and pagination"
"Planeación territorial","land use and transport challenges for research and policy making.pdf","van-wee-land-use-transport-2002","NONBOOK","Land Use and Transport: Research and Policy Challenges","Bert van Wee","Elsevier","2002","","","10.1016/S0966-6923(02)00041-8","article","https://research.tudelft.nl/en/publications/land-use-and-transport-research-and-policy-challenges/","TU Delft research record verifies the journal article title, author, publisher, date, journal, volume, issue, pages, and DOI"
"DOTS Europa & Estados Unidos","property tax sprawl hpd_1701_goodman.pdf","goodman-houses-apartments-property-taxes-2006","NONBOOK","Houses, Apartments, and the Incidence of Property Taxes","Jack Goodman","Fannie Mae Foundation","2006","","","10.1080/10511482.2006.9521558","article","https://www.tandfonline.com/doi/abs/10.1080/10511482.2006.9521558","Publisher DOI page verifies the article title, author, 2006 Housing Policy Debate volume and issue, pages, publisher context, and DOI"
"DOTS América Latina","s5.pdf","vergel-density-brt-2019","NONBOOK","¿Es la densidad suficiente? Análisis de la relación entre la densidad poblacional y la demanda de pasajeros en los sistemas de transporte público masivo tipo BRT (Bus Rapid Transit) en Curitiba, Quito y Bogotá","C. Erik Vergel-Tovar","International Institute for Environment and Development–Latin America","2019","","","","article","https://www.ingentaconnect.com/contentone/iieal/meda/2019/00000090/00000001/art00005","Author CV and journal issue references verify the canonical title, author, journal, issue 90, August 2019 date, and article format"
"DOTS América Latina","2022_DOTS__Costa_Rica.pdf","araya-dotp-costa-rica-2022","PUBLICATION","Implementación del desarrollo orientado al transporte público en la Gran Área Metropolitana utilizando el tren urbano","Enoc Adolfo Araya Porras","Universidad de Costa Rica","2022","","","","dissertation","https://hdl.handle.net/10669/87649","Official Universidad de Costa Rica repository and local thesis title page verify the canonical title, author, institution, year, degree, and repository identifier"
"DOTS América Latina","2022_DOTS_Salta.pdf","galindo-salta-tod-2023","PUBLICATION","Plan de internacionalización de la ciudad de Salta mediante el desarrollo orientado al transporte","Ricardo Galindo Anaya-Ferrel","Universidad Siglo 21","2023","","","","dissertation","https://repositorio.21.edu.ar/handle/ues21/28467","Official university repository verifies the canonical title, author, institution, final-degree-work type, September 2023 issue date, and handle; the local title page is dated 2022"
"DOTS América Latina","DOTS_Latam.pdf","idb-tod-latin-america-2021","PUBLICATION","Desarrollo orientado al transporte: una evaluación de tendencias y oportunidades para América Latina","Daniel A. Rodríguez; Mario Durán Ortiz; Jason Hobbs; Francisca María Magdalena Rojas; Anne Hudson","Inter-American Development Bank","2021","","","10.18235/0003802","discussion-paper","https://publications.iadb.org/es/desarrollo-orientado-al-transporte-una-evaluacion-de-tendencias-y-oportunidades-para-america-latina","Official IDB publication and Dublin Core records verify the title, author, editors, publisher, November 2021 date, report number IDB-DP-00802, pagination, and DOI"
"DOTS América Latina","Integración de transporte no motorizado y DOTS 2014.pdf","pardo-calderon-tnm-dots-2014","PUBLICATION","Integración de Transporte no Motorizado y DOTS","Carlos Felipe Pardo; Patricia Calderón Peña","Cámara de Comercio de Bogotá; Fundación Despacio","2014","","9789585767454","","book","https://bibliotecadigital.ccb.org.co/items/c040679c-44a6-421c-8aa7-05e994c578d7","Official Cámara de Comercio de Bogotá repository and publication copy verify the title, authors, publishers, year, description, handle, and checksum-valid ISBN"
"DOTS América Latina","U Andes David Melendez Th II  Eng 8 Final.pdf","melendez-bogota-location-model-2014","PUBLICATION","Estimation of a Location Model of Land Uses in the City of Bogotá for the Assessment of a Transit-Oriented Development (TOD) Scheme in a BRT Corridor","David Francisco Meléndez Guevara","Universidad de los Andes","2014","","","","dissertation","","Local thesis title and approval pages verify the canonical title, author, institution, January 2014 date, degree, adviser, and document type; the national RedCol index independently lists this Universidad de los Andes thesis and year"
"DOTS América Latina","Economy, environment and culture in Latin America - David Edelman.pdf","edelman-allor-latin-america-2018","PUBLICATION","Economy, Environment & Culture in Latin America: A Comparative Study of National Planning in Brazil and Mexico","David J. Edelman; David J. Allor","LAP Lambert Academic Publishing","2018","","9786139845675","","book","https://researchdirectory.uc.edu/p/edelmadj","University of Cincinnati author bibliography and bookseller authority data verify the title, both authors, publisher, May 2018 date, pagination, language, and checksum-valid ISBN"
"DOTS Europa & Estados Unidos","2007TODCaseStudies.pdf","ctod-tod-case-studies-2007","PUBLICATION","TOD Case Studies: Implementation in Low-Income, Diverse Neighborhoods","Center for Transit-Oriented Development","Center for Transit-Oriented Development","2007","","","","report","https://ctod.org/pdfs/2007TODCaseStudies.pdf","CTOD-hosted report verifies the title, corporate author, responsible organizations, funder, updated date of 17 January 2007, and report purpose"
"DOTS Europa & Estados Unidos","Measuring Equity in Transit-Oriented Development_ Application to.pdf","oranga-equity-tod-2015","PUBLICATION","Measuring Equity in Transit-Oriented Development: Application to Affordable Housing","Beryl Oranga","SIT Graduate Institute","2015","","","","capstone","https://digitalcollections.sit.edu/capstones/2811/","Official SIT digital collection verifies the canonical title, author, institution, year, degree, advisers, capstone identifier, and document type"
"DOTS Asia","HCMC transport and land use research.pdf","gomez-ibanez-thanh-hcmc-2008","PUBLICATION","Ho Chi Minh City Transport and Land Use","José A. Gómez-Ibáñez; Nguyen Xuan Thanh","Fulbright Economics Teaching Program","2008","","","","teaching-case","https://fsppm.fulbright.edu.vn/en/case/ho-chi-minh-city-transport-and-land-use-56/","Official Fulbright School case catalog verifies the title, authors, publisher, 22 June 2008 date, case number CE08-32-34.0, media type, and pagination"
"DOTS Europa & Estados Unidos","abc dutch planning.pdf","martens-griethuysen-abc-1999","PUBLICATION","The ABC Location Policy in the Netherlands: The Right Business at the Right Place","M. J. Martens; S. van Griethuysen","TNO Inro","1999","","","","report","https://www.gov.wales/sites/default/files/publications/2018-10/application-of-accessibility-methodologies-to-land-use-planning.pdf","Local TRANSLAND report title page and government bibliography verify the title, authors, publisher, 3 September 1999 date, and report context"
"DOTS Europa & Estados Unidos","Columbia Heights case.pdf","dc-columbia-heights-framework-2004","NONBOOK","Columbia Heights Public Realm Framework","Zimmer Gunsul Frasca Partnership","Government of the District of Columbia, Office of Planning","2004","","","","planning-document","https://planning.dc.gov/page/columbia-heights-public-realm-framework-plan-and-columbia-heights-revitalization-information","Official DC Office of Planning page and full plan verify the title, preparer, issuing organization, October 2004 date, and planning-document type"
"DOTS Europa & Estados Unidos","WMATA-TOD-Presentation072213.pdf","wmata-tod-maryland-2013","NONBOOK","WMATA Transit-Oriented Development in Maryland","Washington Metropolitan Area Transit Authority","Washington Metropolitan Area Transit Authority","2013","","","","presentation","https://planning.maryland.gov/Documents/Our-Engagement/773/2013/WMATA-TOD-Presentation072213.pdf","Official Maryland planning-hosted presentation verifies the title, responsible organization, audience, date of 22 July 2013, and presentation format"
"Captura de valor","CAF (2014) Creación y captura valor para proyectos de transporte.pdf","caf-value-capture-transport-2019","ALTERNATE_EDITION","Creación y captura de valor para el desarrollo de proyectos de transporte: Informe 3, informe final","Infratrans Consultancy LAC SAS; Juan Felipe Pinilla Pineda","CAF","2014","","","","consultant-report","https://scioteca.caf.com/handle/123456789/1404","Local consultant-report title page verifies the June 2014 version; it is the earlier final project report underlying the verified 2019 CAF book, so it is grouped as an alternate edition of the same intellectual work"
"Smart Growth","LA law to taclke sprawl and global warming.pdf","latimes-sprawl-warming-2008","NONBOOK","Legislature Takes Aim at Urban Sprawl and Global Warming","Margot Roosevelt","Los Angeles Times","2008","","","","newspaper-article","https://www.latimes.com/archives/la-xpm-2008-aug-21-me-sprawl21-story.html","Local one-page newspaper capture verifies the title, author, newspaper, date of 21 August 2008, and article type; it is not an Open Library book"
"Smart Growth","Sprawling Cities Getting Hotter.pdf","ouramazingplanet-sprawling-cities-2010","NONBOOK","Sprawling Cities Getting Hotter Faster","OurAmazingPlanet Staff","OurAmazingPlanet","2010","","","","news-article","https://www.livescience.com/archive/2010/06","Local two-page web capture and Live Science archive verify the title, corporate byline, publication, date of 23 June 2010, and article type; it is not an Open Library book"
"DOTS América Latina","Rodriguez Vergel 2014Mar13 BRT-OD Bogota Quito.pdf","rodriguez-vergel-brt-bogota-quito-2014","PUBLICATION","Desarrollo urbano orientado a los sistemas de transporte público masivo tipo BRT (Bus Rapid Transit) en Quito y Bogotá","Daniel A. Rodríguez; Erik Vergel; William Fernando Camargo Triana","Lincoln Institute of Land Policy","2014","","","","working-paper","https://www.lincolninst.edu/app/uploads/legacy-files/pubfiles/2456_1803_Rodriguez%20WP14DR1SP.pdf","Official Lincoln Institute working-paper copy verifies the title, authors and supporting author, publisher, 2014 date, and product code WP14DR1SP"
"Captura de valor","Joint-Development-Policies-2013-07-25.pdf","wmata-joint-development-2013","PUBLICATION","Joint Development Policies and Guidelines","Washington Metropolitan Area Transit Authority","Washington Metropolitan Area Transit Authority","2013","","","","guidelines","https://www.wmata.com/about/board/upload/Joint-Development-Policies-2013-07-25.pdf","Official WMATA document and FHWA resource catalog verify the canonical title, responsible organization, publisher, revised date of 25 July 2013, and guideline format"
"Captura de valor","Curso Captura Valor Conclusiones  20180921.pdf","curso-captura-valor-2018-conclusiones","NONBOOK","Estrategias y mejores prácticas en captura de valor inmobiliario para mega proyectos de transporte masivo: conclusiones y recomendaciones","Carlos Felipe Pardo","Despacio","2018","","","","presentation","","Closing slide deck of the CAF-FDN value capture course held in Bogotá 27-30 August 2018; slide 1 and the embedded PDF author verify title and authorship, and the companion final report in the same folder verifies the course dates; a presentation, not an Open Library book"
"Captura de valor","DIAZ FABIAN ALBERTO 2011 Las diferencias de aplicacion de instrumentos ANPUR.pdf","anpur-2011-diaz-velasco","NONBOOK","Las diferencias en la aplicación de instrumentos de planificación y","Fabián Alberto Díaz; Vanessa Velasco Bernal","Associação Nacional de Pós-Graduação e Pesquisa em Planejamento Urbano e Regional (ANPUR)","2011","","","","proceedings-article","https://anpur.org.br/site/anais/ena14/ARQUIVOS/GT1-1133-756-20110106190706.pdf","Paper in the anais of the XIV Encontro Nacional da ANPUR, Rio de Janeiro, May 2011; the official ANPUR PDF was downloaded and prints exactly the same truncated title ending in 'y', so the printed title is reproduced verbatim rather than reconstructed; a conference paper, not an Open Library book"
"Captura de valor","GUZMAN, PAEZ y BORRERO CIE UANDES PPT estrategia de captura de valor para financiar la construccion del metro de Bogota.pdf","guzman-paez-borrero-metro-bogota-2012","NONBOOK","Estrategias de captura de valor para financiar la construcción del metro de Bogotá: instrumentos y potencial","Luis A. Guzmán; Daniel Páez; Oscar Borrero","Universidad de los Andes","2012","","","","presentation","","Bilingual conference slide deck dated 5 December 2012; slide 1 and the embedded PDF title 'TS08A Luis A. Guzmán' verify the title, the three authors and the session code; no public conference proceedings record was located, and slides are not an Open Library book"
"Captura de valor","Informe Final Curso Captura de valor (Ago2018) 20180920.pdf","curso-captura-valor-2018","PUBLICATION","Estrategias y mejores prácticas en captura de valor inmobiliario para mega proyectos de transporte masivo: informe final","Despacio; Infratrans","CAF - Banco de Desarrollo de América Latina","2018","","","","report","","Cover page verifies the title, the label 'Informe final', the course dates 27-30 August 2018 in Bogotá, the clients CAF and FDN, and execution by Despacio and Infratrans; no public repository copy was located, so an authoritative URL is still outstanding"
"Captura de valor","REZENDE VERA FURTADO FERNANDA Revisao bibliografica comentada dos fundamentos da outorga onerosa do direito de construir OODC.pdf","rezende-furtado-oodc-2011","NONBOOK","Revisão bibliográfica comentada dos fundamentos da Outorga Onerosa do Direito de Construir – OODC","Vera F. Rezende; Fernanda Furtado; M. Teresa C. Oliveira; Pedro Jorgensen Jr.","Revista de Direito da Cidade, Universidade do Estado do Rio de Janeiro","2011","","","","article","https://www.e-publicacoes.uerj.br/rdc/article/view/9853","Journal article, Revista de Direito da Cidade vol. 3 no. 2 (2011), pp. 156-205, with collaboration by Isabela Bacellar; the local PDF's first page and its embedded document title confirm the exact title and the four credited authors; the UERJ e-publicações host did not respond during this session"
"Captura de valor","ROJASF~1.PDF","rojas-parra-papel-politico-2006","NONBOOK","Aportes para a melhoria da gestão do transporte público por ônibus de Bogotá, a partir das experiências de Belo Horizonte e Curitiba","Fernando Rojas Parra","Pontificia Universidad Javeriana","2006","","","","article","https://dialnet.unirioja.es/servlet/articulo?codigo=2527104","Papel Político (Bogotá) vol. 11 no. 2, julio-diciembre 2006, pp. 557-594; the local PDF uses a shifted font encoding whose decoded title block and running head confirm the journal, volume, issue and the author's Javeriana affiliation; a journal article, not an Open Library book"
"Captura de valor","SALGAD~1.PDF","movilizacion-social-valorizacion-tierra-2007","COMPONENT","Movilización social de la valorización de la tierra: casos latinoamericanos","María Clara Vejarano; Martim O. Smolka","Lincoln Institute of Land Policy","2007","","","","book","https://www.lincolninst.edu/publications/other/movilizacion-social-la-valorizacion-la-tierra","The local PDF is labelled 'DOCUMENTO 2 DE 2' of the Colombia case study 'Bogotá, D.C. primera experiencia de recuperación de la plusvalía urbana para la colectividad en el marco de la Ley de Desarrollo Territorial' by Sandra V. Salgado, Alexander Sierra, Magda Montaña and María Clara Vejarano; it is one chapter of the Lincoln Institute compilation, not a standalone book"
"Captura de valor","SMOLKA-AMBORSKI Recuperación de plusvalias comparación Inter-america.pdf","smolka-amborski-eure-2003","NONBOOK","Recuperación de plusvalías para el desarrollo urbano: una comparación inter-americana","Martim O. Smolka; David Amborski","Instituto de Estudios Urbanos y Territoriales, Pontificia Universidad Católica de Chile","2003","","","10.4067/S0250-71612003008800003","article","https://doi.org/10.4067/S0250-71612003008800003","Revista EURE vol. XXIX no. 88, Santiago de Chile, diciembre 2003, pp. 55-77; the local PDF's first page carries that exact citation line and the DOI resolves to the matching SciELO Chile record; a journal article, not an Open Library book"
"Captura de valor","TOBON MARIA PATRICIA MOLINA Rentas inmobiliarias-cargas y beneficios metrocable.pdf","tobon-molina-unal-2012","PUBLICATION","Rentas inmobiliarias privadas en la distribución de cargas y beneficios de los proyectos urbanos: estudio del polígono de la estación Andalucía del Metrocable de Medellín","María Patricia Tobón Molina","Universidad Nacional de Colombia, Sede Medellín","2012","","","","dissertation","","Title page and degree page verify the title, the author, the February 2012 date, the director Henry Quesada Gómez and the degree 'Trabajo final de Maestría en Estudios Urbano Regionales' at the Facultad de Arquitectura, UNAL Medellín; no reachable repositorio.unal.edu.co record was located, so an authoritative URL is still outstanding"
"Captura de valor","X. Mendoza - Master Thesis - Value capture for funding Colombian BRTs.pdf","mendoza-ihs-2005","PUBLICATION","Value Capture for Funding Colombian BRTS Infrastructure: The Case of Transmilenio in Bogotá","Camilo Mendoza","Institute for Housing and Urban Development Studies (IHS), Erasmus University Rotterdam","2005","","","","dissertation","","Title page verifies the title, the author, supervisor Peter Pol, the report number UMD-1-08, the UMD1 master course running 6 October 2004 to 23 September 2005 and the imprint 'Rotterdam, September 2005'; the year 2004 recorded earlier was the course start, not the publication year; no public IHS or Erasmus repository record was located"
"DOTS Colombia","2019_Potencial_DOTS_TM.pdf","cavadia-ub-2019","PUBLICATION","Potencial del Desarrollo Orientado al Transporte como transformador urbano. Caso de estudio: Transmilenio, Bogotá, Colombia, 2019","Paola M. Cavadía Álvarez","Universitat de Barcelona","2019","","","","dissertation","https://hdl.handle.net/2445/140558","Treball de fi de màster for the Màster en Planificació Territorial i Gestió Ambiental, Universitat de Barcelona through the Centro Universitario Internacional de Barcelona (UNIBA), tutor Verónica I. Quiroz López; the UB repository record at handle 2445/140558 (file TFM_Cavadia_Paola.pdf) matches the local PDF, whose cover is dated Barcelona, 30 July 2019"
"DOTS Colombia","2021_Potencial_DOTS.pdf","meza-llinas-uninorte-2021","PUBLICATION","Evaluando el potencial del desarrollo orientado al transporte considerando las preferencias y percepciones de los ciudadanos","Verónica Meza Llinás","Universidad del Norte","2021","","","","dissertation","https://manglar.uninorte.edu.co/handle/10584/10958","Despite the local filename this is not a Transmilenio DOTS study: the title page and project sheet identify a Magíster en Ingeniería Civil thesis by Verónica Meza Llinás, tutor Julián Alberto Arellana Ochoa, Universidad del Norte, Barranquilla, December 2021; the Manglar repository record confirms title, author and year"
"PMMS Bogota 2023","Decreto 497 de 2023 Alcaldía Mayor de Bogotá, D.C_.pdf","decreto-497-2023-pmss","NONBOOK","Decreto 497 de 2023, por el cual se adopta el Plan de Movilidad Sostenible y Segura (PMSS) para Bogotá Distrito Capital y se dictan otras disposiciones","Alcaldía Mayor de Bogotá, D.C.","Secretaría Jurídica Distrital, Alcaldía Mayor de Bogotá, D.C.","2023","","","","legal-document","https://www.alcaldiabogota.gov.co/sisjur/normas/Norma1.jsp?i=150400","Browser capture taken 25 January 2024 of the Régimen Legal de Bogotá record: expedition date 26 October 2023, in force 28 October 2023, published in Registro Distrital 7845 of 27 October 2023; a municipal decree, not an Open Library book"
"PMMS Bogota 2023","DTS.pdf","pmss-bogota-dts-2023","PUBLICATION","Documento Técnico de Soporte del Plan de Movilidad Sostenible y Segura de Bogotá D.C.","Secretaría Distrital de Movilidad de Bogotá","Secretaría Distrital de Movilidad de Bogotá","2023","","","","planning-document","https://www.movilidadbogota.gov.co/plan-de-movilidad-sostenible-y-segura","1,395-page technical support document issued with Decreto 497 de 2023 and published in Registro Distrital 7845 of October 2023; the internal reference DPM-009-2023 and the Secretaría Distrital de Movilidad masthead verify the responsible entity; movilidadbogota.gov.co could not be reached from this network, while the adopting decree page at alcaldiabogota.gov.co responded"
"Acuerdo","proyecto-de-acuerdo-pot-2021_concejo.pdf","proyecto-acuerdo-pot-bogota-2021","NONBOOK","Proyecto de Acuerdo del Plan de Ordenamiento Territorial de Bogotá D.C. presentado al Concejo de Bogotá, septiembre de 2021","Alcaldía Mayor de Bogotá, D.C.; Secretaría Distrital de Planeación","Concejo de Bogotá D.C.","2021","","","","legal-document","https://www.sdp.gov.co/micrositios/pot/documentos","463-page draft agreement filed with the Concejo de Bogotá in September 2021, later superseded by Decreto Distrital 555 de 2021; a legislative bill rather than a published book; sdp.gov.co did not respond from this network"
"DTS","anexo28-guia_formulacion_actuaciones_estrategicas.pdf","pot-bogota-dts-2021","COMPONENT","Documento Técnico de Soporte del Plan de Ordenamiento Territorial de Bogotá D.C., julio de 2021","Secretaría Distrital de Planeación de Bogotá","Secretaría Distrital de Planeación de Bogotá","2021","","","","planning-document","https://www.sdp.gov.co/micrositios/pot/documentos","Cover page reads 'DOCUMENTO TÉCNICO DE SOPORTE - Anexo 28. Guía de formulación de las Actuaciones Estratégicas - Julio 2021'; One of seven local volumes and annexes of a single July 2021 technical support document, not a separate book; a September 2021 copy of Libro I is mirrored at concejodebogota.gov.co, and sdp.gov.co did not respond from this network"
"DTS","anexo29-actuacion_estrategica_reverdecer_sur.pdf","pot-bogota-dts-2021","COMPONENT","Documento Técnico de Soporte del Plan de Ordenamiento Territorial de Bogotá D.C., julio de 2021","Secretaría Distrital de Planeación de Bogotá","Secretaría Distrital de Planeación de Bogotá","2021","","","","planning-document","https://www.sdp.gov.co/micrositios/pot/documentos","Cover page reads 'DOCUMENTO TÉCNICO DE SOPORTE - Anexo 29. Actuación Estratégica Reverdecer del Sur - Julio 2021'; One of seven local volumes and annexes of a single July 2021 technical support document, not a separate book; a September 2021 copy of Libro I is mirrored at concejodebogota.gov.co, and sdp.gov.co did not respond from this network"
"DTS","dts_libroi_componente_general.pdf","pot-bogota-dts-2021","COMPONENT","Documento Técnico de Soporte del Plan de Ordenamiento Territorial de Bogotá D.C., julio de 2021","Secretaría Distrital de Planeación de Bogotá","Secretaría Distrital de Planeación de Bogotá","2021","","","","planning-document","https://www.sdp.gov.co/micrositios/pot/documentos","Cover page reads 'DOCUMENTO TÉCNICO DE SOPORTE - Libro 1. Componente General - Julio 2021'; One of seven local volumes and annexes of a single July 2021 technical support document, not a separate book; a September 2021 copy of Libro I is mirrored at concejodebogota.gov.co, and sdp.gov.co did not respond from this network"
"DTS","dts_libroii_componente_urbano.pdf","pot-bogota-dts-2021","COMPONENT","Documento Técnico de Soporte del Plan de Ordenamiento Territorial de Bogotá D.C., julio de 2021","Secretaría Distrital de Planeación de Bogotá","Secretaría Distrital de Planeación de Bogotá","2021","","","","planning-document","https://www.sdp.gov.co/micrositios/pot/documentos","Cover page reads 'DOCUMENTO TÉCNICO DE SOPORTE - Libro 2. Componente Urbano - Julio 2021'; One of seven local volumes and annexes of a single July 2021 technical support document, not a separate book; a September 2021 copy of Libro I is mirrored at concejodebogota.gov.co, and sdp.gov.co did not respond from this network"
"DTS","dts_libroiii_componente_rural_0.pdf","pot-bogota-dts-2021","COMPONENT","Documento Técnico de Soporte del Plan de Ordenamiento Territorial de Bogotá D.C., julio de 2021","Secretaría Distrital de Planeación de Bogotá","Secretaría Distrital de Planeación de Bogotá","2021","","","","planning-document","https://www.sdp.gov.co/micrositios/pot/documentos","Cover page reads 'DOCUMENTO TÉCNICO DE SOPORTE - Libro 3. Componente Rural - Julio 2021'; One of seven local volumes and annexes of a single July 2021 technical support document, not a separate book; a September 2021 copy of Libro I is mirrored at concejodebogota.gov.co, and sdp.gov.co did not respond from this network"
"DTS","dts_libroiv_instrumentos_072021.pdf","pot-bogota-dts-2021","COMPONENT","Documento Técnico de Soporte del Plan de Ordenamiento Territorial de Bogotá D.C., julio de 2021","Secretaría Distrital de Planeación de Bogotá","Secretaría Distrital de Planeación de Bogotá","2021","","","","planning-document","https://www.sdp.gov.co/micrositios/pot/documentos","Cover page reads 'DOCUMENTO TÉCNICO DE SOPORTE - Libro 4. Instrumentos de planeación, gestión y financiación - Julio 2021'; One of seven local volumes and annexes of a single July 2021 technical support document, not a separate book; a September 2021 copy of Libro I is mirrored at concejodebogota.gov.co, and sdp.gov.co did not respond from this network"
"DTS","dts_librov_programasproyectos_072021.pdf","pot-bogota-dts-2021","COMPONENT","Documento Técnico de Soporte del Plan de Ordenamiento Territorial de Bogotá D.C., julio de 2021","Secretaría Distrital de Planeación de Bogotá","Secretaría Distrital de Planeación de Bogotá","2021","","","","planning-document","https://www.sdp.gov.co/micrositios/pot/documentos","Cover page reads 'DOCUMENTO TÉCNICO DE SOPORTE - Libro 5. Programas y Proyectos - Julio 2021'; One of seven local volumes and annexes of a single July 2021 technical support document, not a separate book; a September 2021 copy of Libro I is mirrored at concejodebogota.gov.co, and sdp.gov.co did not respond from this network"
"Conpes Movilidad Sostenible","Conpes_3991.pdf","conpes-3991-2020","PUBLICATION","Documento CONPES 3991: Política Nacional de Movilidad Urbana y Regional","Consejo Nacional de Política Económica y Social (CONPES)","Departamento Nacional de Planeación","2020","","","","report","https://colaboracion.dnp.gov.co/CDT/Conpes/Econ%C3%B3micos/3991.pdf","Approved version dated Bogotá, 14 April 2020, prepared by the Departamento Nacional de Planeación with the Ministerios de Hacienda, Ambiente y Desarrollo Sostenible and Transporte; the misleading embedded PDF title about Situado Fiscal is template residue from an unrelated document; treated as a standalone numbered government policy report rather than a statute or decree, so flip this row to NONBOOK if CONPES documents should stay outside the book catalogue"
"Proyecto Política nacional DOTS (CCAP-SIGMA-DESPACIO)","Diagnóstico del marco de política para proyectos DOTS en Colombia .pdf","dots-colombia-informe3-diagnostico-2019","PUBLICATION","Informe 3: Diagnóstico del marco de política en Colombia para el desarrollo de proyectos DOTS","Consorcio SIGMA Gestión de Proyectos – Despacio","Center for Clean Air Policy (CCAP); Findeter","2019","","","","report","https://despacio.org/portfolio/lineamientos-para-una-politica-nacional-dots/","Cover verifies 'INFORME 3: DIAGNÓSTICO DEL MARCO DE POLÍTICA EN COLOMBIA PARA EL DESARROLLO DE PROYECTOS DOTS - V2', dated 17 October 2019, presented to CCAP and Findeter by the Consorcio SIGMA GP - Despacio under the consultancy 'Formulación de los lineamientos y recomendaciones de política para la implementación de iniciativas DOTS en Colombia'; the Despacio project page confirms the client, the consortium and the March 2019 to October 2020 period"
"Proyecto Política nacional DOTS (CCAP-SIGMA-DESPACIO)","Lineamientos para una política nacional DOTS_Resumen Ejecutivo.pdf","lineamientos-politica-nacional-dots-2020","PUBLICATION","Lineamientos para una Política Nacional de Desarrollo Orientado al Transporte Sostenible (DOTS)","Consorcio SIGMA Gestión de Proyectos – Despacio","Findeter","2020","","","","report","https://bibliotecadigital.findeter.metabiblioteca.com/handle/001/9617","Designed, published executive summary; the Findeter institutional repository record at handle 001/9617, dated August 2020, confirms the title and corporate publisher, and matches the Colombia TOD-NAMA / NAMA Facility / CCAP / CIUDAT credit line printed inside the local PDF"
"Proyecto Política nacional DOTS (CCAP-SIGMA-DESPACIO)","Lineamientos para una política nacional DOTS_Executive_Summary.pdf","lineamientos-politica-nacional-dots-2020","ALTERNATE_EDITION","Guidelines for a National DOTS Policy in Colombia","Consorcio SIGMA Gestión de Proyectos – Despacio","Findeter","2020","","","","report","https://bibliotecadigital.findeter.metabiblioteca.com/handle/001/9617","English-language executive summary carrying the same sections, objectives and four strategic proposals as the published Spanish edition; an alternate-language edition of the same intellectual work"
"Otras políticas relacionadas","05-Agosto-2022 Estrategia Nacional de Transporte Sostenible_V6.pdf","estrategia-nacional-transporte-sostenible-2022","PUBLICATION","Estrategia Nacional de Transporte Sostenible","Ministerio de Transporte de Colombia; Ministerio de Ambiente y Desarrollo Sostenible; Ministerio de Minas y Energía; Departamento Nacional de Planeación; Unidad de Planeación Minero Energética","Gobierno de Colombia","2022","","","","report","https://mintransporte.gov.co/publicaciones/10754/transporte-sostenible/","Cover reads 'Estrategia Nacional de Transporte Sostenible - GOBIERNO DE COLOMBIA » 2022'; the Ministerio de Transporte publications page hosts the official document, developed through the Mesa Interinstitucional de Transporte Sostenible and presented in August 2022"
"Proyectos DOTS","2021_estudio_DOT_Metro_de_Bogota.pdf","wb-jll-estudio-dot-calle26-2021","PUBLICATION","Estación Calle 26 – Estudio DOT: reporte final. Estructuración de un modelo de transacción para movilizar financiamiento privado en apoyo a la estrategia de Desarrollo Orientado al Transporte Público de la Primera Línea del Metro de Bogotá","JLL","World Bank Group","2021","","","","report","","Cover verifies the title, the label 'Reporte Final', the date 20 September 2021 and the World Bank trust-fund reference TF072644; the PDF author field is a worldbank.org address and the text states that the World Bank contracted JLL; no public World Bank Open Knowledge record was located, so an authoritative URL is still outstanding"
"Proyectos DOTS","DOT_Cali.pdf","tod-nama-cali-corredor-verde-2018","NONBOOK","Corredor Verde – TOD NAMA Cali: proyecto Sendero ecológico Río Lili","Hanae Tanaka","","2018","","","","presentation","","Slide deck dated 18 December 2018 in the PDF metadata, presenting the Cali pilot of the Colombia TOD-NAMA on the Simón Bolívar corridor; the deck carries TOD-NAMA branding but names no publishing entity, and the author is taken from the PDF metadata; a presentation, not an Open Library book"
"Proyectos DOTS","DOT_NAMA_Colombia.pdf","colombia-tod-nama-unfccc","NONBOOK","NS-127 – Colombia TOD NAMA: NAMA seeking support for implementation","Findeter; Center for Clean Air Policy","United Nations Framework Convention on Climate Change","","","","","registry-record","https://www4.unfccc.int/sites/PublicNAMA/_layouts/un/fccc/nama/NamaSeekingSupportForImplementation.aspx?ID=67","Print-out of UNFCCC public NAMA registry entry NS-127; the national implementing entity contacts are Sandra P. Bejarano of Findeter and Steve Winkelman of CCAP, and the record states an expected implementation start of 2015 but carries no publication date, so the year is left blank rather than inferred; the UNFCCC registry was in maintenance during this session, and CCAP's own record is at https://www.ccap.org/post/colombia-transit-oriented-development-nama-selected-for-funding; a registry record, not an Open Library book"
"Proyectos DOTS","Plan_Parcial_San_Bernardo.pdf","plan-parcial-centro-san-bernardo","NONBOOK","Centro San Bernardo – Plan Parcial","RenoBo - Empresa de Renovación y Desarrollo Urbano de Bogotá D.C.","RenoBo - Empresa de Renovación y Desarrollo Urbano de Bogotá D.C.","2024","","","","web-capture","https://renobo.com.co/es/proyectos/centro-san-bernardo-plan-parcial","Three-page browser capture taken 12 January 2024 of RenoBo's project page for the Plan Parcial de Renovación Urbana Centro San Bernardo; renobo.com.co refuses automated requests but the page is indexed and mirrored by the Secretaría Distrital de Planeación; a web page capture, not an Open Library book"
"Recomendaciones de política- DOTS","CCAP-Findeter_Politica DOTS_Presentación Gral Proyecto.pdf","ccap-findeter-dots-presentacion-2020","NONBOOK","Formulación de los lineamientos y recomendaciones de política para la implementación de iniciativas de Desarrollo Orientado al Transporte Sostenible (DOTS) en Colombia: presentación general del proyecto","Consorcio SIGMA Gestión de Proyectos – Despacio","Consorcio SIGMA Gestión de Proyectos – Despacio","2020","","","","presentation","https://despacio.org/portfolio/lineamientos-para-una-politica-nacional-dots/","Slide deck dated October 2020 carrying the '© Copyright CONSORCIO SIGMA GP - DESPACIO 2020' line on every slide; a project presentation, not an Open Library book"
"Recomendaciones de política- DOTS","CCAP_Politica DOTS_Deber Ser Política V2 FINAL.pdf","dots-colombia-informe2-deber-ser-2019","PUBLICATION","Informe 2: El deber ser de la política DOTS","Consorcio SIGMA Gestión de Proyectos – Despacio","Center for Clean Air Policy (CCAP); Findeter","2019","","","","report","https://despacio.org/portfolio/lineamientos-para-una-politica-nacional-dots/","Cover verifies 'INFORME 2: EL DEBER SER DE LA POLÍTICA DOTS - V2', dated 6 September 2019, presented to CCAP and Findeter by the Consorcio SIGMA GP - Despacio; 178 pages of concept definition and international case studies, a distinct deliverable from Informe 3"
"Recomendaciones de política- DOTS","CCAP_Politica DOTS_Resumen Ejecutivo V5_FINAL.pdf","lineamientos-politica-nacional-dots-2020","ALTERNATE_EDITION","Lineamientos para una política nacional DOTS (resumen ejecutivo, versión 5)","Consorcio SIGMA Gestión de Proyectos – Despacio","Findeter","2020","","","","report","https://bibliotecadigital.findeter.metabiblioteca.com/handle/001/9617","Word-produced draft labelled 'V5_FINAL' of the executive summary later issued as the designed Findeter publication; identical sections, objectives and four strategic proposals, so the same intellectual work in an earlier version"
"DOTS América Latina","Improving Coordination of Transportation and Land-Use Planning in Latin American Cities.pdf","ardila-coordination-transport-landuse-2006","NONBOOK","Improving Coordination of Transportation and Land-Use Planning in Latin American Cities: overcoming the barriers","Arturo Ardila","Universidad de los Andes, Transportation Studies Group","2006","","","","presentation","","Slide deck presented at Clean Air in Latin America, São Paulo, 2006; slide 1 verifies the title, the author and the Transportation Studies Group at Universidad de los Andes, and every slide footer repeats the event and year; no public archive copy was located, and slides are not an Open Library book"
